registrationdate,catottg_region,region,legalform,area,animal,giftamount,cntuser
2024-04-05,,Не визначений,Фізична особа,37.0209,0,0,1
2024-04-01,UA53000000000028050,ПОЛТАВСЬКА ОБЛАСТЬ,ФОП,139.38529999999997,0,0,1
2024-03-29,UA51000000000030770,ОДЕСЬКА ОБЛАСТЬ,Юридична особа,50.712666666666664,0,0,1
2024-03-29,,Не визначений,Фізична особа,12.425,0,0,1
2024-03-27,,Не визначений,Фізична особа,13.9635,10,0,1
2024-03-15,UA48000000000039575,МИКОЛАЇВСЬКА ОБЛАСТЬ,Фізична особа,0.0,0,0,1
2024-03-11,UA68000000000099709,ХМЕЛЬНИЦЬКА ОБЛАСТЬ,Юридична особа,109.177,0,0,1
2024-03-11,UA74000000000025378,ЧЕРНІГІВСЬКА ОБЛАСТЬ,Юридична особа,63.048300000000005,0,0,1
2024-03-07,UA74000000000025378,ЧЕРНІГІВСЬКА ОБЛАСТЬ,Юридична особа,218.0163000000001,0,0,1
2024-03-05,UA68000000000099709,ХМЕЛЬНИЦЬКА ОБЛАСТЬ,Юридична особа,27.1607,0,0,1
2024-03-05,,Не визначений,Юридична особа,0.0,0,0,1
2024-02-27,UA12000000000090473,ДНІПРОПЕТРОВСЬКА ОБЛАСТЬ,ФОП,67.429,0,0,1
2024-02-27,UA35000000000016081,КІРОВОГРАДСЬКА ОБЛАСТЬ,Юридична особа,69.8182,0,0,1
2024-02-20,UA46000000000026241,ЛЬВІВСЬКА ОБЛАСТЬ,Юридична особа,0.0,0,0,1
2024-02-20,UA48000000000039575,МИКОЛАЇВСЬКА ОБЛАСТЬ,ФОП,111.04340000000002,0,0,1
2024-02-20,UA80000000000093317,М. КИЇВ,Юридична особа,0.0,0,0,7
2024-02-20,,Не визначений,Фізична особа,0.0,0,0,1
2024-02-15,UA73000000000044923,ЧЕРНІВЕЦЬКА ОБЛАСТЬ,ФОП,124.9758000000001,0,0,1
2024-02-13,UA32000000000030281,КИЇВСЬКА ОБЛАСТЬ,ФОП,0.0,0,0,1
2024-02-12,UA80000000000093317,М. КИЇВ,Юридична особа,0.0,0,0,1
2024-02-09,UA80000000000093317,М. КИЇВ,Юридична особа,0.0,0,0,6
2024-02-08,UA80000000000093317,М. КИЇВ,Юридична особа,0.0,0,0,1
2024-01-23,UA26000000000069363,ІВАНО-ФРАНКІВСЬКА ОБЛАСТЬ,ФОП,0.0,5,0,1
2024-01-22,UA12000000000090473,ДНІПРОПЕТРОВСЬКА ОБЛАСТЬ,ФОП,46.0518,0,0,1
2024-01-22,UA18000000000041385,ЖИТОМИРСЬКА ОБЛАСТЬ,Юридична особа,73.2356,0,0,1
2024-01-19,UA26000000000069363,ІВАНО-ФРАНКІВСЬКА ОБЛАСТЬ,Фізична особа,0.0,7,0,1
2024-01-19,,Не визначений,Юридична особа,0.0,7,0,1
2024-01-17,UA80000000000093317,М. КИЇВ,Юридична особа,0.0,0,0,2
2024-01-09,,Не визначений,Юридична особа,0.0,0,0,1
2024-01-04,UA48000000000039575,МИКОЛАЇВСЬКА ОБЛАСТЬ,ФОП,117.22759999999998,0,0,1
2024-01-04,UA80000000000093317,М. КИЇВ,Юридична особа,0.0,0,0,1
2023-12-23,UA35000000000016081,КІРОВОГРАДСЬКА ОБЛАСТЬ,Фізична особа,0.0,0,0,1
2023-12-11,UA80000000000093317,М. КИЇВ,Юридична особа,0.0,0,0,2
2023-12-10,UA80000000000093317,М. КИЇВ,Юридична особа,0.0,0,0,1
2023-12-06,UA12000000000090473,ДНІПРОПЕТРОВСЬКА ОБЛАСТЬ,Юридична особа,521.6308333333332,0,0,1
2023-12-06,UA46000000000026241,ЛЬВІВСЬКА ОБЛАСТЬ,ФОП,0.0,0,0,1
2023-12-06,,Не визначений,Фізична особа,0.0,0,0,1
2023-11-30,UA26000000000069363,ІВАНО-ФРАНКІВСЬКА ОБЛАСТЬ,Юридична особа,1.861,5,0,1
2023-11-30,UA53000000000028050,ПОЛТАВСЬКА ОБЛАСТЬ,Юридична особа,1.0916000000000001,232,0,1
2023-11-30,UA71000000000010357,ЧЕРКАСЬКА ОБЛАСТЬ,Фізична особа,0.0,0,0,1
2023-11-21,UA12000000000090473,ДНІПРОПЕТРОВСЬКА ОБЛАСТЬ,ФОП,0.7019,20,0,1
2023-11-21,UA48000000000039575,МИКОЛАЇВСЬКА ОБЛАСТЬ,Юридична особа,3677.747799999999,3,0,1
2023-11-21,UA53000000000028050,ПОЛТАВСЬКА ОБЛАСТЬ,Юридична особа,626.5999999999999,320,0,1
2023-11-21,,Не визначений,Фізична особа,17.7875,3,0,2
2023-11-19,,Не визначений,Фізична особа,0.0,0,0,1
2023-11-16,UA74000000000025378,ЧЕРНІГІВСЬКА ОБЛАСТЬ,Юридична особа,37.0884,0,0,1
2023-11-15,UA35000000000016081,КІРОВОГРАДСЬКА ОБЛАСТЬ,Юридична особа,1605.1909000000012,0,0,2
2023-11-14,UA53000000000028050,ПОЛТАВСЬКА ОБЛАСТЬ,ФОП,6.2889,0,0,1
2023-11-13,UA05000000000010236,ВІННИЦЬКА ОБЛАСТЬ,Юридична особа,1460.4275000000005,0,0,1
2023-11-13,UA51000000000030770,ОДЕСЬКА ОБЛАСТЬ,Юридична особа,2584.7583000000004,0,0,2
2023-11-13,,Не визначений,Фізична особа,0.0,0,0,3
2023-11-12,UA07000000000024379,ВОЛИНСЬКА ОБЛАСТЬ,Фізична особа,0.0,0,0,1
2023-11-12,UA65000000000030969,ХЕРСОНСЬКА ОБЛАСТЬ,Фізична особа,0.0,0,0,1
2023-11-12,,Не визначений,Фізична особа,0.0,0,0,1
2023-11-11,,Не визначений,Фізична особа,0.0,0,0,2
2023-11-09,UA35000000000016081,КІРОВОГРАДСЬКА ОБЛАСТЬ,ФОП,70.17039999999999,5,0,1
2023-11-09,UA56000000000066151,РІВНЕНСЬКА ОБЛАСТЬ,ФОП,0.7788,7,0,1
2023-11-09,UA74000000000025378,ЧЕРНІГІВСЬКА ОБЛАСТЬ,ФОП,0.0,0,0,1
2023-11-09,,Не визначений,Фізична особа,0.0,0,0,1
2023-11-09,,Не визначений,Юридична особа,0.0,0,0,1
2023-11-08,UA05000000000010236,ВІННИЦЬКА ОБЛАСТЬ,Юридична особа,0.0,7896,0,1
2023-11-08,UA51000000000030770,ОДЕСЬКА ОБЛАСТЬ,ФОП,14.0556,2,0,1
2023-11-08,,Не визначений,Фізична особа,0.0,0,0,1
2023-11-06,UA74000000000025378,ЧЕРНІГІВСЬКА ОБЛАСТЬ,Фізична особа,0.0,0,0,1
2023-11-05,,Не визначений,Фізична особа,2.4364,0,0,1
2023-11-04,UA71000000000010357,ЧЕРКАСЬКА ОБЛАСТЬ,ФОП,0.0,0,0,1
2023-11-04,UA80000000000093317,М. КИЇВ,Юридична особа,0.0,0,0,1
2023-11-04,,Не визначений,Фізична особа,0.0,0,0,1
2023-11-03,,Не визначений,Юридична особа,0.0,0,0,1
2023-11-01,UA71000000000010357,ЧЕРКАСЬКА ОБЛАСТЬ,Фізична особа,0.0,0,0,1
2023-11-01,UA80000000000093317,М. КИЇВ,Юридична особа,0.0,0,0,1
2023-10-26,UA51000000000030770,ОДЕСЬКА ОБЛАСТЬ,ФОП,48.450599999999994,1,0,1
2023-10-25,UA53000000000028050,ПОЛТАВСЬКА ОБЛАСТЬ,Юридична особа,160.45070000000004,0,0,1
2023-10-25,UA71000000000010357,ЧЕРКАСЬКА ОБЛАСТЬ,ФОП,4.0,0,0,1
2023-10-25,,Не визначений,Фізична особа,0.0,3,0,1
2023-10-19,UA48000000000039575,МИКОЛАЇВСЬКА ОБЛАСТЬ,ФОП,9.3085,22,0,1
2023-10-19,UA56000000000066151,РІВНЕНСЬКА ОБЛАСТЬ,Фізична особа,3.6090999999999998,4,0,1
2023-10-19,UA71000000000010357,ЧЕРКАСЬКА ОБЛАСТЬ,Юридична особа,53.159499999999994,23,0,1
2023-10-17,UA80000000000093317,М. КИЇВ,Юридична особа,0.0,0,0,1
2023-10-13,,Не визначений,Фізична особа,0.0,0,0,1
2023-09-28,UA53000000000028050,ПОЛТАВСЬКА ОБЛАСТЬ,Юридична особа,42.6365,0,0,1
2023-09-26,UA80000000000093317,М. КИЇВ,Юридична особа,0.0,0,0,1
2023-09-26,,Не визначений,Фізична особа,0.0,0,0,1
2023-09-15,,Не визначений,Фізична особа,0.0,3,0,2
2023-09-08,UA32000000000030281,КИЇВСЬКА ОБЛАСТЬ,ФОП,28.4154,0,0,1
2023-09-07,UA53000000000028050,ПОЛТАВСЬКА ОБЛАСТЬ,ФОП,22.0333,0,0,1
2023-08-29,UA46000000000026241,ЛЬВІВСЬКА ОБЛАСТЬ,Юридична особа,24.2799,7,0,1
2023-08-29,UA53000000000028050,ПОЛТАВСЬКА ОБЛАСТЬ,ФОП,141.85099999999997,2,0,2
2023-08-29,,Не визначений,Фізична особа,0.452,0,0,1
2023-08-08,UA05000000000010236,ВІННИЦЬКА ОБЛАСТЬ,Фізична особа,0.0,0,0,1
2023-08-07,UA80000000000093317,М. КИЇВ,Юридична особа,0.0,0,0,1
2023-07-27,UA12000000000090473,ДНІПРОПЕТРОВСЬКА ОБЛАСТЬ,Юридична особа,108.10999999999999,0,0,1
2023-07-27,,Не визначений,ФОП,0.0,0,0,1
2023-07-25,,Не визначений,Фізична особа,12.6001,0,0,1
2023-07-20,UA05000000000010236,ВІННИЦЬКА ОБЛАСТЬ,Юридична особа,241.78869999999998,108,0,1
2023-07-20,UA14000000000091971,ДОНЕЦЬКА ОБЛАСТЬ,Юридична особа,0.0,0,0,1
2023-07-20,UA32000000000030281,КИЇВСЬКА ОБЛАСТЬ,Юридична особа,2.902,34,0,1
2023-07-20,UA48000000000039575,МИКОЛАЇВСЬКА ОБЛАСТЬ,Фізична особа,0.0,0,0,1
2023-07-20,UA71000000000010357,ЧЕРКАСЬКА ОБЛАСТЬ,Юридична особа,2932.287466666663,1684,0,1
2023-07-14,UA07000000000024379,ВОЛИНСЬКА ОБЛАСТЬ,Юридична особа,1512.6491083333333,1395,0,1
2023-06-27,UA12000000000090473,ДНІПРОПЕТРОВСЬКА ОБЛАСТЬ,ФОП,47.807399999999994,0,0,1
2023-06-27,UA26000000000069363,ІВАНО-ФРАНКІВСЬКА ОБЛАСТЬ,ФОП,37.4931,5,121321,1
2023-06-27,UA51000000000030770,ОДЕСЬКА ОБЛАСТЬ,Юридична особа,4322.6502,137,0,1
2023-06-27,UA71000000000010357,ЧЕРКАСЬКА ОБЛАСТЬ,ФОП,4.547000000000001,1,0,1
2023-06-27,UA71000000000010357,ЧЕРКАСЬКА ОБЛАСТЬ,Юридична особа,79.0861,262,0,1
2023-06-27,,Не визначений,Фізична особа,0.0,22,0,1
2023-06-26,UA46000000000026241,ЛЬВІВСЬКА ОБЛАСТЬ,ФОП,3.8608000000000002,41,0,1
2023-06-26,UA46000000000026241,ЛЬВІВСЬКА ОБЛАСТЬ,Юридична особа,114.6384,2146,0,2
2023-06-26,UA63000000000041885,ХАРКІВСЬКА ОБЛАСТЬ,ФОП,19.905199999999997,8,195175924,2
2023-06-26,,Не визначений,Фізична особа,0.0,5,0,1
2023-06-21,UA26000000000069363,ІВАНО-ФРАНКІВСЬКА ОБЛАСТЬ,ФОП,45.5094,0,0,1
2023-06-21,UA32000000000030281,КИЇВСЬКА ОБЛАСТЬ,Фізична особа,522.3430900000001,0,0,1
2023-06-16,,Не визначений,Юридична особа,1095.5503999999999,0,0,2
2023-06-15,UA12000000000090473,ДНІПРОПЕТРОВСЬКА ОБЛАСТЬ,Юридична особа,68.2522,0,0,1
2023-06-15,,Не визначений,Фізична особа,0.0,0,0,1
2023-06-08,UA80000000000093317,М. КИЇВ,Юридична особа,0.0,0,0,2
2023-05-31,,Не визначений,Фізична особа,3.6231,1,0,1
2023-05-29,UA12000000000090473,ДНІПРОПЕТРОВСЬКА ОБЛАСТЬ,Юридична особа,62.270999999999994,0,0,1
2023-05-29,UA59000000000057109,СУМСЬКА ОБЛАСТЬ,ФОП,7.2413,0,0,1
2023-05-11,UA80000000000093317,М. КИЇВ,Юридична особа,0.0,0,0,3
2023-05-10,UA56000000000066151,РІВНЕНСЬКА ОБЛАСТЬ,Юридична особа,8.407499999999999,0,0,1
2023-05-10,UA80000000000093317,М. КИЇВ,Юридична особа,0.0,0,0,1
2023-05-09,UA80000000000093317,М. КИЇВ,Юридична особа,0.0,0,0,2
2023-05-08,UA80000000000093317,М. КИЇВ,Юридична особа,0.0,0,0,1
2023-05-02,UA12000000000090473,ДНІПРОПЕТРОВСЬКА ОБЛАСТЬ,Юридична особа,0.0,0,0,1
2023-05-02,UA80000000000093317,М. КИЇВ,Юридична особа,0.0,0,0,2
2023-05-02,,Не визначений,Фізична особа,0.0,0,0,1
2023-04-29,,Не визначений,ФОП,0.0,0,0,2
2023-04-27,UA05000000000010236,ВІННИЦЬКА ОБЛАСТЬ,Фізична особа,0.0,0,12300,1
2023-04-27,UA51000000000030770,ОДЕСЬКА ОБЛАСТЬ,Юридична особа,8645.3004,274,0,2
2023-04-27,UA59000000000057109,СУМСЬКА ОБЛАСТЬ,ФОП,0.0,2,0,1
2023-04-27,UA74000000000025378,ЧЕРНІГІВСЬКА ОБЛАСТЬ,Юридична особа,0.0,1203,0,1
2023-04-27,UA80000000000093317,М. КИЇВ,Юридична особа,0.0,0,0,6
2023-04-27,,Не визначений,Фізична особа,0.0,5,0,1
2023-04-26,UA65000000000030969,ХЕРСОНСЬКА ОБЛАСТЬ,Юридична особа,203.14667499999996,0,0,1
2023-04-26,UA80000000000093317,М. КИЇВ,Юридична особа,0.0,0,0,1
2023-04-25,UA12000000000090473,ДНІПРОПЕТРОВСЬКА ОБЛАСТЬ,ФОП,2.0112,0,68600,1
2023-04-25,UA32000000000030281,КИЇВСЬКА ОБЛАСТЬ,Фізична особа,5.979099999999999,0,0,1
2023-04-25,UA63000000000041885,ХАРКІВСЬКА ОБЛАСТЬ,ФОП,72.9328,13,0,1
2023-04-25,UA74000000000025378,ЧЕРНІГІВСЬКА ОБЛАСТЬ,Юридична особа,734.9577000000003,0,0,1
2023-04-25,UA80000000000093317,М. КИЇВ,Юридична особа,0.0,0,0,8
2023-04-25,,Не визначений,Фізична особа,0.0,0,0,2
2023-04-25,,Не визначений,ФОП,0.0,0,0,1
2023-04-25,,Не визначений,Юридична особа,135.9179,0,0,1
2023-04-12,UA35000000000016081,КІРОВОГРАДСЬКА ОБЛАСТЬ,ФОП,7.3453,0,0,1
2023-04-12,UA48000000000039575,МИКОЛАЇВСЬКА ОБЛАСТЬ,ФОП,19.958,0,0,1
2023-04-12,,Не визначений,ФОП,0.0,0,0,2
2023-04-11,UA05000000000010236,ВІННИЦЬКА ОБЛАСТЬ,Фізична особа,327.6159000000001,0,0,1
2023-04-11,,Не визначений,Фізична особа,29.833000000000002,0,0,1
2023-04-10,UA05000000000010236,ВІННИЦЬКА ОБЛАСТЬ,ФОП,34.109399999999994,3,0,1
2023-04-10,,Не визначений,ФОП,0.0,0,0,1
2023-04-07,UA07000000000024379,ВОЛИНСЬКА ОБЛАСТЬ,Юридична особа,19.0682,0,0,1
2023-04-07,UA59000000000057109,СУМСЬКА ОБЛАСТЬ,ФОП,1085.7094,0,0,1
2023-04-07,UA74000000000025378,ЧЕРНІГІВСЬКА ОБЛАСТЬ,ФОП,53.442700000000016,1,0,1
2023-04-07,,Не визначений,Фізична особа,0.0,5,0,2
2023-04-07,,Не визначений,ФОП,0.0,0,0,1
2023-04-06,UA48000000000039575,МИКОЛАЇВСЬКА ОБЛАСТЬ,ФОП,0.0,0,0,1
2023-04-06,UA51000000000030770,ОДЕСЬКА ОБЛАСТЬ,Юридична особа,48.1028,0,0,1
2023-04-06,UA63000000000041885,ХАРКІВСЬКА ОБЛАСТЬ,ФОП,0.0,0,0,1
2023-04-06,UA65000000000030969,ХЕРСОНСЬКА ОБЛАСТЬ,Юридична особа,886.2983,0,0,1
2023-04-06,UA80000000000093317,М. КИЇВ,Юридична особа,0.0,0,0,1
2023-04-06,,Не визначений,Фізична особа,0.0,0,0,2
2023-04-06,,Не визначений,ФОП,0.0,0,0,1
2023-04-01,,Не визначений,ФОП,0.0,0,0,1
2023-03-31,UA80000000000093317,М. КИЇВ,Юридична особа,0.0,0,0,1
2023-03-31,,Не визначений,Фізична особа,0.0,0,0,1
2023-03-30,,Не визначений,Юридична особа,0.0,0,0,2
2023-03-29,UA14000000000091971,ДОНЕЦЬКА ОБЛАСТЬ,Фізична особа,0.0,0,0,1
2023-03-25,,Не визначений,ФОП,0.0,0,0,2
2023-03-24,,Не визначений,Юридична особа,0.0,0,0,1
2023-03-22,,Не визначений,ФОП,0.0,0,0,1
2023-03-21,,Не визначений,ФОП,0.0,0,0,1
2023-03-19,UA26000000000069363,ІВАНО-ФРАНКІВСЬКА ОБЛАСТЬ,ФОП,0.0,0,0,1
2023-03-18,UA05000000000010236,ВІННИЦЬКА ОБЛАСТЬ,Фізична особа,0.0,0,0,1
2023-03-18,UA32000000000030281,КИЇВСЬКА ОБЛАСТЬ,ФОП,0.0,0,0,1
2023-03-18,UA65000000000030969,ХЕРСОНСЬКА ОБЛАСТЬ,ФОП,0.0,0,0,1
2023-03-17,UA63000000000041885,ХАРКІВСЬКА ОБЛАСТЬ,ФОП,0.0,0,0,1
2023-03-17,,Не визначений,ФОП,0.0,0,0,1
2023-03-16,UA51000000000030770,ОДЕСЬКА ОБЛАСТЬ,ФОП,0.0,0,0,1
2023-03-16,,Не визначений,ФОП,0.0,0,0,1
2023-03-13,UA48000000000039575,МИКОЛАЇВСЬКА ОБЛАСТЬ,ФОП,0.0,0,0,1
2023-03-12,,Не визначений,ФОП,0.0,0,0,1
2023-03-10,UA12000000000090473,ДНІПРОПЕТРОВСЬКА ОБЛАСТЬ,ФОП,12.56,0,0,1
2023-03-10,,Не визначений,Фізична особа,0.0,0,0,1
2023-03-10,,Не визначений,ФОП,0.0,0,0,1
2023-03-09,UA51000000000030770,ОДЕСЬКА ОБЛАСТЬ,ФОП,0.0,0,0,1
2023-03-09,UA56000000000066151,РІВНЕНСЬКА ОБЛАСТЬ,ФОП,0.0,0,0,1
2023-03-09,,Не визначений,ФОП,0.0,0,0,1
2023-03-08,UA63000000000041885,ХАРКІВСЬКА ОБЛАСТЬ,Фізична особа,0.0,0,0,1
2023-03-08,,Не визначений,ФОП,0.0,0,0,1
2023-03-07,UA14000000000091971,ДОНЕЦЬКА ОБЛАСТЬ,ФОП,0.0,0,0,1
2023-03-07,UA63000000000041885,ХАРКІВСЬКА ОБЛАСТЬ,ФОП,0.0,0,0,1
2023-03-07,,Не визначений,ФОП,0.0,0,0,2
2023-03-06,UA21000000000011690,ЗАКАРПАТСЬКА ОБЛАСТЬ,ФОП,0.0,0,0,1
2023-03-06,UA48000000000039575,МИКОЛАЇВСЬКА ОБЛАСТЬ,ФОП,0.0,0,0,2
2023-03-06,UA80000000000093317,М. КИЇВ,Юридична особа,0.0,0,0,1
2023-03-06,,Не визначений,ФОП,0.0,0,0,6
2023-03-05,UA48000000000039575,МИКОЛАЇВСЬКА ОБЛАСТЬ,ФОП,0.0,0,0,2
2023-03-05,,Не визначений,Фізична особа,0.0,0,0,1
2023-03-05,,Не визначений,ФОП,0.0,0,0,1
2023-03-04,UA12000000000090473,ДНІПРОПЕТРОВСЬКА ОБЛАСТЬ,ФОП,0.0,0,0,1
2023-03-04,UA23000000000064947,ЗАПОРІЗЬКА ОБЛАСТЬ,ФОП,0.0,0,0,1
2023-03-04,UA53000000000028050,ПОЛТАВСЬКА ОБЛАСТЬ,ФОП,0.0,0,0,1
2023-03-04,,Не визначений,ФОП,0.0,0,0,1
2023-03-03,UA48000000000039575,МИКОЛАЇВСЬКА ОБЛАСТЬ,Фізична особа,0.0,0,0,2
2023-03-03,UA51000000000030770,ОДЕСЬКА ОБЛАСТЬ,ФОП,0.0,0,0,1
2023-03-03,UA65000000000030969,ХЕРСОНСЬКА ОБЛАСТЬ,ФОП,0.0,0,0,1
2023-03-03,,Не визначений,ФОП,0.0,0,0,3
2023-03-02,UA63000000000041885,ХАРКІВСЬКА ОБЛАСТЬ,ФОП,0.0,0,0,1
2023-03-02,UA74000000000025378,ЧЕРНІГІВСЬКА ОБЛАСТЬ,ФОП,0.0,0,0,1
2023-03-02,,Не визначений,Фізична особа,0.0,0,0,1
2023-03-02,,Не визначений,ФОП,0.0,0,0,7
2023-03-01,UA21000000000011690,ЗАКАРПАТСЬКА ОБЛАСТЬ,ФОП,0.0,0,0,2
2023-03-01,UA56000000000066151,РІВНЕНСЬКА ОБЛАСТЬ,Фізична особа,0.0,0,0,1
2023-03-01,UA65000000000030969,ХЕРСОНСЬКА ОБЛАСТЬ,Фізична особа,0.0,0,0,1
2023-03-01,UA68000000000099709,ХМЕЛЬНИЦЬКА ОБЛАСТЬ,ФОП,0.0,0,0,1
2023-03-01,UA80000000000093317,М. КИЇВ,Юридична особа,0.0,0,0,1
2023-03-01,,Не визначений,ФОП,0.0,0,0,3
2023-02-28,UA14000000000091971,ДОНЕЦЬКА ОБЛАСТЬ,ФОП,0.0,0,0,1
2023-02-28,UA51000000000030770,ОДЕСЬКА ОБЛАСТЬ,ФОП,0.0,0,0,1
2023-02-28,UA56000000000066151,РІВНЕНСЬКА ОБЛАСТЬ,Юридична особа,8.407499999999999,0,0,1
2023-02-28,UA80000000000093317,М. КИЇВ,Юридична особа,0.0,0,0,2
2023-02-27,,Не визначений,ФОП,0.0,0,0,1
2023-02-23,UA21000000000011690,ЗАКАРПАТСЬКА ОБЛАСТЬ,ФОП,0.0,0,0,1
2023-02-23,UA80000000000093317,М. КИЇВ,ФОП,0.0,0,0,1
2023-02-22,UA05000000000010236,ВІННИЦЬКА ОБЛАСТЬ,ФОП,0.0,0,0,1
2023-02-22,UA21000000000011690,ЗАКАРПАТСЬКА ОБЛАСТЬ,ФОП,0.0,0,0,1
2023-02-22,UA80000000000093317,М. КИЇВ,Юридична особа,0.0,0,0,1
2023-02-21,,Не визначений,ФОП,0.0,0,0,1
2023-02-20,UA07000000000024379,ВОЛИНСЬКА ОБЛАСТЬ,ФОП,0.2561,0,0,1
2023-02-20,,Не визначений,ФОП,0.0,0,0,1
2023-02-19,UA48000000000039575,МИКОЛАЇВСЬКА ОБЛАСТЬ,ФОП,0.0,0,0,1
2023-02-17,,Не визначений,ФОП,0.0,0,0,2
2023-02-16,,Не визначений,Юридична особа,0.0,0,0,5
2023-02-15,UA21000000000011690,ЗАКАРПАТСЬКА ОБЛАСТЬ,Юридична особа,136.52229999999997,0,0,1
2023-02-15,UA68000000000099709,ХМЕЛЬНИЦЬКА ОБЛАСТЬ,ФОП,0.0,0,0,1
2023-02-14,,Не визначений,ФОП,0.0,0,0,1
2023-02-13,UA80000000000093317,М. КИЇВ,Юридична особа,0.0,0,0,7
2023-02-13,,Не визначений,ФОП,0.0,0,0,2
2023-02-11,UA46000000000026241,ЛЬВІВСЬКА ОБЛАСТЬ,ФОП,0.0,0,0,1
2023-02-07,UA21000000000011690,ЗАКАРПАТСЬКА ОБЛАСТЬ,ФОП,0.0,0,0,1
2023-02-06,,Не визначений,ФОП,0.0,0,0,1
2023-02-05,,Не визначений,ФОП,0.0,0,0,1
2023-01-30,UA51000000000030770,ОДЕСЬКА ОБЛАСТЬ,Фізична особа,0.0,0,0,1
2023-01-30,UA51000000000030770,ОДЕСЬКА ОБЛАСТЬ,ФОП,0.0,0,0,1
2023-01-29,,Не визначений,ФОП,0.0,0,0,1
2023-01-26,UA18000000000041385,ЖИТОМИРСЬКА ОБЛАСТЬ,ФОП,0.0,0,0,1
2023-01-25,UA68000000000099709,ХМЕЛЬНИЦЬКА ОБЛАСТЬ,ФОП,0.0,0,0,1
2023-01-23,UA12000000000090473,ДНІПРОПЕТРОВСЬКА ОБЛАСТЬ,ФОП,0.0,0,0,1
2023-01-23,UA18000000000041385,ЖИТОМИРСЬКА ОБЛАСТЬ,ФОП,0.0,0,0,1
2023-01-23,UA71000000000010357,ЧЕРКАСЬКА ОБЛАСТЬ,ФОП,0.0,0,0,1
2023-01-21,UA12000000000090473,ДНІПРОПЕТРОВСЬКА ОБЛАСТЬ,Фізична особа,0.0,0,0,1
2023-01-21,UA21000000000011690,ЗАКАРПАТСЬКА ОБЛАСТЬ,ФОП,0.0,0,0,1
2023-01-21,,Не визначений,ФОП,0.0,0,0,1
2023-01-20,UA18000000000041385,ЖИТОМИРСЬКА ОБЛАСТЬ,ФОП,0.0,0,0,1
2023-01-20,,Не визначений,ФОП,0.0,0,0,1
2023-01-16,,Не визначений,ФОП,0.0,0,0,1
2023-01-14,UA68000000000099709,ХМЕЛЬНИЦЬКА ОБЛАСТЬ,ФОП,0.0,0,0,1
2023-01-11,UA80000000000093317,М. КИЇВ,Юридична особа,0.0,0,0,5
2023-01-11,,Не визначений,Юридична особа,0.0,0,0,3
2023-01-10,,Не визначений,Фізична особа,0.0,0,0,1
2023-01-08,,Не визначений,Фізична особа,0.0,0,0,1
2023-01-07,UA48000000000039575,МИКОЛАЇВСЬКА ОБЛАСТЬ,ФОП,0.0,0,0,1
2023-01-07,UA53000000000028050,ПОЛТАВСЬКА ОБЛАСТЬ,ФОП,0.0,0,0,1
2023-01-07,,Не визначений,Фізична особа,0.0,0,0,1
2023-01-06,UA12000000000090473,ДНІПРОПЕТРОВСЬКА ОБЛАСТЬ,ФОП,8.372,0,0,1
2023-01-05,,Не визначений,ФОП,0.0,0,0,1
2023-01-04,UA12000000000090473,ДНІПРОПЕТРОВСЬКА ОБЛАСТЬ,ФОП,0.0,0,0,1
2023-01-04,,Не визначений,Фізична особа,0.0,0,0,1
2022-12-23,UA05000000000010236,ВІННИЦЬКА ОБЛАСТЬ,ФОП,0.0,0,0,1
2022-12-20,,Не визначений,ФОП,0.0,0,0,1
2022-12-20,,Не визначений,Юридична особа,0.0,0,0,1
2022-12-18,,Не визначений,Фізична особа,0.0,0,0,1
2022-12-14,,Не визначений,ФОП,0.0,0,0,1
2022-12-14,,Не визначений,Юридична особа,0.0,0,0,5
2022-12-12,,Не визначений,ФОП,0.0,0,0,1
2022-12-09,UA74000000000025378,ЧЕРНІГІВСЬКА ОБЛАСТЬ,ФОП,0.0,0,0,1
2022-12-06,UA80000000000093317,М. КИЇВ,ФОП,0.1,0,0,1
2022-12-02,UA48000000000039575,МИКОЛАЇВСЬКА ОБЛАСТЬ,ФОП,0.0,0,0,1
2022-12-02,,Не визначений,ФОП,0.0,0,0,1
2022-12-01,UA61000000000060328,ТЕРНОПІЛЬСЬКА ОБЛАСТЬ,ФОП,0.0,0,0,1
2022-12-01,,Не визначений,ФОП,0.0,0,0,1
2022-11-30,UA07000000000024379,ВОЛИНСЬКА ОБЛАСТЬ,ФОП,0.0,0,0,1
2022-11-30,UA12000000000090473,ДНІПРОПЕТРОВСЬКА ОБЛАСТЬ,ФОП,0.0,0,0,2
2022-11-30,,Не визначений,ФОП,0.0,0,0,2
2022-11-29,UA07000000000024379,ВОЛИНСЬКА ОБЛАСТЬ,ФОП,0.0,0,0,1
2022-11-29,UA48000000000039575,МИКОЛАЇВСЬКА ОБЛАСТЬ,ФОП,0.0,0,0,1
2022-11-29,UA51000000000030770,ОДЕСЬКА ОБЛАСТЬ,ФОП,0.0,0,0,2
2022-11-29,UA56000000000066151,РІВНЕНСЬКА ОБЛАСТЬ,ФОП,2.589,0,0,1
2022-11-29,,Не визначений,ФОП,0.0,0,0,7
2022-11-28,UA05000000000010236,ВІННИЦЬКА ОБЛАСТЬ,ФОП,1.0,0,0,1
2022-11-28,UA07000000000024379,ВОЛИНСЬКА ОБЛАСТЬ,ФОП,0.0,0,0,2
2022-11-28,UA46000000000026241,ЛЬВІВСЬКА ОБЛАСТЬ,ФОП,0.0,0,0,1
2022-11-28,UA48000000000039575,МИКОЛАЇВСЬКА ОБЛАСТЬ,ФОП,0.0,0,0,1
2022-11-28,,Не визначений,ФОП,0.0,0,0,3
2022-11-28,,Не визначений,Юридична особа,0.0,0,0,10
2022-11-23,UA07000000000024379,ВОЛИНСЬКА ОБЛАСТЬ,ФОП,2.12,0,0,2
2022-11-23,UA68000000000099709,ХМЕЛЬНИЦЬКА ОБЛАСТЬ,ФОП,0.0,0,0,1
2022-11-23,,Не визначений,ФОП,0.0,0,0,3
2022-11-22,,Не визначений,ФОП,0.0,0,0,2
2022-11-21,,Не визначений,Фізична особа,0.0,0,0,1
2022-11-21,,Не визначений,ФОП,0.0,0,0,1
2022-11-20,,Не визначений,ФОП,0.0,0,0,1
2022-11-19,,Не визначений,ФОП,0.0,0,0,4
2022-11-17,UA80000000000093317,М. КИЇВ,Юридична особа,0.0,0,0,1
2022-11-17,,Не визначений,ФОП,0.0,0,0,2
2022-11-15,UA46000000000026241,ЛЬВІВСЬКА ОБЛАСТЬ,ФОП,0.0,0,0,1
2022-11-15,UA68000000000099709,ХМЕЛЬНИЦЬКА ОБЛАСТЬ,ФОП,0.0,0,0,1
2022-11-14,UA05000000000010236,ВІННИЦЬКА ОБЛАСТЬ,ФОП,0.0,0,0,1
2022-11-14,UA59000000000057109,СУМСЬКА ОБЛАСТЬ,ФОП,0.0,0,0,1
2022-11-14,UA65000000000030969,ХЕРСОНСЬКА ОБЛАСТЬ,ФОП,13.0,0,0,1
2022-11-14,,Не визначений,ФОП,0.0,0,0,5
2022-11-11,UA07000000000024379,ВОЛИНСЬКА ОБЛАСТЬ,ФОП,2.2512,0,0,1
2022-11-10,UA12000000000090473,ДНІПРОПЕТРОВСЬКА ОБЛАСТЬ,Фізична особа,0.0,0,0,1
2022-11-10,UA18000000000041385,ЖИТОМИРСЬКА ОБЛАСТЬ,ФОП,0.0,0,0,1
2022-11-10,UA32000000000030281,КИЇВСЬКА ОБЛАСТЬ,ФОП,2.0,0,0,1
2022-11-10,UA51000000000030770,ОДЕСЬКА ОБЛАСТЬ,ФОП,0.0,0,0,1
2022-11-10,UA56000000000066151,РІВНЕНСЬКА ОБЛАСТЬ,ФОП,3.8286,0,0,2
2022-11-10,UA68000000000099709,ХМЕЛЬНИЦЬКА ОБЛАСТЬ,ФОП,0.0,0,0,2
2022-11-10,UA71000000000010357,ЧЕРКАСЬКА ОБЛАСТЬ,ФОП,2.0,0,0,1
2022-11-10,,Не визначений,Фізична особа,0.0,0,0,1
2022-11-10,,Не визначений,ФОП,0.0,0,0,5
2022-11-09,UA07000000000024379,ВОЛИНСЬКА ОБЛАСТЬ,ФОП,7.190599999999999,0,0,1
2022-11-09,UA12000000000090473,ДНІПРОПЕТРОВСЬКА ОБЛАСТЬ,Фізична особа,50.3,0,0,1
2022-11-09,UA12000000000090473,ДНІПРОПЕТРОВСЬКА ОБЛАСТЬ,ФОП,0.0,0,0,1
2022-11-09,UA51000000000030770,ОДЕСЬКА ОБЛАСТЬ,ФОП,7.8296,0,0,2
2022-11-09,,Не визначений,Фізична особа,0.0,0,0,1
2022-11-09,,Не визначений,ФОП,0.0,0,0,5
2022-11-08,UA07000000000024379,ВОЛИНСЬКА ОБЛАСТЬ,ФОП,0.0,0,0,2
2022-11-08,UA32000000000030281,КИЇВСЬКА ОБЛАСТЬ,ФОП,0.0,0,0,1
2022-11-08,,Не визначений,Фізична особа,0.0,0,0,1
2022-11-08,,Не визначений,ФОП,0.0,0,0,5
2022-11-07,UA18000000000041385,ЖИТОМИРСЬКА ОБЛАСТЬ,ФОП,0.0,0,0,1
2022-11-07,UA21000000000011690,ЗАКАРПАТСЬКА ОБЛАСТЬ,ФОП,0.0,0,0,1
2022-11-07,UA26000000000069363,ІВАНО-ФРАНКІВСЬКА ОБЛАСТЬ,ФОП,0.0,0,0,1
2022-11-07,UA61000000000060328,ТЕРНОПІЛЬСЬКА ОБЛАСТЬ,ФОП,0.0,0,0,1
2022-11-07,,Не визначений,ФОП,1.6138,0,0,9
2022-11-04,UA07000000000024379,ВОЛИНСЬКА ОБЛАСТЬ,ФОП,0.0,0,0,1
2022-11-04,UA26000000000069363,ІВАНО-ФРАНКІВСЬКА ОБЛАСТЬ,ФОП,0.0,0,0,1
2022-11-04,,Не визначений,ФОП,2.8275,0,0,1
2022-11-03,UA12000000000090473,ДНІПРОПЕТРОВСЬКА ОБЛАСТЬ,ФОП,0.0,0,0,1
2022-11-03,UA51000000000030770,ОДЕСЬКА ОБЛАСТЬ,ФОП,0.0,0,0,2
2022-11-03,UA53000000000028050,ПОЛТАВСЬКА ОБЛАСТЬ,ФОП,0.0,0,0,1
2022-11-03,UA68000000000099709,ХМЕЛЬНИЦЬКА ОБЛАСТЬ,ФОП,0.0,0,0,1
2022-11-03,,Не визначений,ФОП,0.0,0,0,4
2022-11-02,UA07000000000024379,ВОЛИНСЬКА ОБЛАСТЬ,ФОП,0.0,0,0,1
2022-11-02,UA51000000000030770,ОДЕСЬКА ОБЛАСТЬ,ФОП,0.0,0,0,1
2022-11-02,,Не визначений,ФОП,0.0,0,0,6
2022-11-01,UA35000000000016081,КІРОВОГРАДСЬКА ОБЛАСТЬ,ФОП,0.0,0,0,2
2022-11-01,UA61000000000060328,ТЕРНОПІЛЬСЬКА ОБЛАСТЬ,ФОП,0.0,0,0,1
2022-11-01,,Не визначений,ФОП,0.0,0,0,1
2022-10-31,UA53000000000028050,ПОЛТАВСЬКА ОБЛАСТЬ,ФОП,3.9,0,0,1
2022-10-31,UA71000000000010357,ЧЕРКАСЬКА ОБЛАСТЬ,ФОП,0.0,0,0,1
2022-10-31,,Не визначений,ФОП,0.0,0,0,5
2022-10-31,,Не визначений,Юридична особа,0.0,0,0,5
2022-10-30,UA68000000000099709,ХМЕЛЬНИЦЬКА ОБЛАСТЬ,ФОП,0.0,0,0,1
2022-10-30,,Не визначений,Фізична особа,0.0,0,0,1
2022-10-30,,Не визначений,ФОП,2.0,0,0,4
2022-10-29,UA05000000000010236,ВІННИЦЬКА ОБЛАСТЬ,ФОП,0.0,0,0,1
2022-10-29,UA07000000000024379,ВОЛИНСЬКА ОБЛАСТЬ,ФОП,1.0684,0,0,1
2022-10-29,UA12000000000090473,ДНІПРОПЕТРОВСЬКА ОБЛАСТЬ,ФОП,0.0,0,0,1
2022-10-29,UA53000000000028050,ПОЛТАВСЬКА ОБЛАСТЬ,ФОП,0.0,0,0,1
2022-10-29,,Не визначений,Фізична особа,0.0,0,0,1
2022-10-29,,Не визначений,ФОП,0.0,0,0,2
2022-10-28,UA48000000000039575,МИКОЛАЇВСЬКА ОБЛАСТЬ,ФОП,0.0,0,0,1
2022-10-28,,Не визначений,ФОП,0.0,0,0,6
2022-10-27,UA05000000000010236,ВІННИЦЬКА ОБЛАСТЬ,ФОП,0.0,0,0,2
2022-10-27,UA18000000000041385,ЖИТОМИРСЬКА ОБЛАСТЬ,ФОП,0.0,0,0,1
2022-10-27,UA51000000000030770,ОДЕСЬКА ОБЛАСТЬ,ФОП,0.0,0,0,1
2022-10-27,UA53000000000028050,ПОЛТАВСЬКА ОБЛАСТЬ,ФОП,0.0,0,0,1
2022-10-27,UA68000000000099709,ХМЕЛЬНИЦЬКА ОБЛАСТЬ,ФОП,0.0,0,0,1
2022-10-27,UA68000000000099709,ХМЕЛЬНИЦЬКА ОБЛАСТЬ,Юридична особа,85.6439,0,0,1
2022-10-27,UA74000000000025378,ЧЕРНІГІВСЬКА ОБЛАСТЬ,Юридична особа,137.33669999999992,0,52000,1
2022-10-27,,Не визначений,ФОП,0.0,0,0,5
2022-10-26,UA18000000000041385,ЖИТОМИРСЬКА ОБЛАСТЬ,ФОП,0.0,0,0,1
2022-10-26,UA56000000000066151,РІВНЕНСЬКА ОБЛАСТЬ,ФОП,5.2827,0,0,1
2022-10-26,UA68000000000099709,ХМЕЛЬНИЦЬКА ОБЛАСТЬ,ФОП,0.0,0,0,2
2022-10-17,UA12000000000090473,ДНІПРОПЕТРОВСЬКА ОБЛАСТЬ,ФОП,0.0,0,0,1
2022-10-17,UA18000000000041385,ЖИТОМИРСЬКА ОБЛАСТЬ,ФОП,4.42,0,0,1
2022-10-17,UA51000000000030770,ОДЕСЬКА ОБЛАСТЬ,ФОП,0.0,0,0,1
2022-10-17,UA68000000000099709,ХМЕЛЬНИЦЬКА ОБЛАСТЬ,ФОП,0.0,0,0,1
2022-10-17,,Не визначений,ФОП,0.0,0,0,4
2022-10-16,UA05000000000010236,ВІННИЦЬКА ОБЛАСТЬ,ФОП,0.0,0,0,1
2022-10-16,UA12000000000090473,ДНІПРОПЕТРОВСЬКА ОБЛАСТЬ,ФОП,0.0,0,0,1
2022-10-16,UA68000000000099709,ХМЕЛЬНИЦЬКА ОБЛАСТЬ,ФОП,0.0,0,0,2
2022-10-16,,Не визначений,ФОП,0.0,0,0,1
2022-10-15,UA05000000000010236,ВІННИЦЬКА ОБЛАСТЬ,ФОП,0.0,0,0,1
2022-10-15,UA12000000000090473,ДНІПРОПЕТРОВСЬКА ОБЛАСТЬ,ФОП,0.0,0,0,1
2022-10-15,UA48000000000039575,МИКОЛАЇВСЬКА ОБЛАСТЬ,ФОП,0.0,0,0,1
2022-10-15,UA51000000000030770,ОДЕСЬКА ОБЛАСТЬ,ФОП,0.0,0,0,1
2022-10-15,,Не визначений,ФОП,0.0,0,0,3
2022-10-14,UA46000000000026241,ЛЬВІВСЬКА ОБЛАСТЬ,ФОП,0.0,0,0,1
2022-10-14,UA56000000000066151,РІВНЕНСЬКА ОБЛАСТЬ,ФОП,0.0,0,0,1
2022-10-14,UA68000000000099709,ХМЕЛЬНИЦЬКА ОБЛАСТЬ,ФОП,0.0,0,0,1
2022-10-14,,Не визначений,ФОП,5.1402,0,0,5
2022-10-13,UA05000000000010236,ВІННИЦЬКА ОБЛАСТЬ,ФОП,0.0,0,0,1
2022-10-13,UA32000000000030281,КИЇВСЬКА ОБЛАСТЬ,ФОП,0.0,0,0,1
2022-10-13,UA35000000000016081,КІРОВОГРАДСЬКА ОБЛАСТЬ,ФОП,0.0,0,0,1
2022-10-13,UA56000000000066151,РІВНЕНСЬКА ОБЛАСТЬ,ФОП,0.0,0,0,1
2022-10-13,UA59000000000057109,СУМСЬКА ОБЛАСТЬ,ФОП,0.0,0,0,1
2022-10-13,UA68000000000099709,ХМЕЛЬНИЦЬКА ОБЛАСТЬ,ФОП,0.0,0,0,1
2022-10-13,UA71000000000010357,ЧЕРКАСЬКА ОБЛАСТЬ,ФОП,0.0,0,0,1
2022-10-13,,Не визначений,ФОП,0.0,0,0,7
2022-10-12,UA07000000000024379,ВОЛИНСЬКА ОБЛАСТЬ,ФОП,0.0,0,0,1
2022-10-12,UA46000000000026241,ЛЬВІВСЬКА ОБЛАСТЬ,ФОП,0.0,0,0,1
2022-10-12,,Не визначений,Фізична особа,0.0,0,0,1
2022-10-12,,Не визначений,ФОП,0.0,0,0,8
2022-10-11,UA46000000000026241,ЛЬВІВСЬКА ОБЛАСТЬ,ФОП,0.0,0,0,1
2022-10-11,UA48000000000039575,МИКОЛАЇВСЬКА ОБЛАСТЬ,ФОП,0.0,0,0,1
2022-10-11,UA68000000000099709,ХМЕЛЬНИЦЬКА ОБЛАСТЬ,ФОП,0.0,0,0,1
2022-10-11,,Не визначений,ФОП,0.0,0,0,6
2022-10-10,UA68000000000099709,ХМЕЛЬНИЦЬКА ОБЛАСТЬ,ФОП,0.0,0,0,1
2022-10-10,,Не визначений,ФОП,0.0,0,0,4
2022-10-09,UA12000000000090473,ДНІПРОПЕТРОВСЬКА ОБЛАСТЬ,ФОП,0.0,0,0,1
2022-10-09,UA32000000000030281,КИЇВСЬКА ОБЛАСТЬ,ФОП,0.0,0,0,1
2022-10-09,UA61000000000060328,ТЕРНОПІЛЬСЬКА ОБЛАСТЬ,ФОП,0.0,0,0,1
2022-10-09,UA68000000000099709,ХМЕЛЬНИЦЬКА ОБЛАСТЬ,ФОП,0.0,0,0,2
2022-10-09,,Не визначений,ФОП,0.0,0,0,5
2022-10-08,UA07000000000024379,ВОЛИНСЬКА ОБЛАСТЬ,ФОП,0.0,0,0,1
2022-10-08,UA12000000000090473,ДНІПРОПЕТРОВСЬКА ОБЛАСТЬ,ФОП,0.0,0,0,1
2022-10-08,UA51000000000030770,ОДЕСЬКА ОБЛАСТЬ,ФОП,0.0,0,0,1
2022-10-08,UA68000000000099709,ХМЕЛЬНИЦЬКА ОБЛАСТЬ,ФОП,0.0,0,0,1
2022-10-08,,Не визначений,ФОП,0.0,0,0,4
2022-10-07,UA07000000000024379,ВОЛИНСЬКА ОБЛАСТЬ,ФОП,2.4667000000000003,0,0,1
2022-10-07,UA51000000000030770,ОДЕСЬКА ОБЛАСТЬ,ФОП,0.0,0,0,1
2022-10-07,,Не визначений,ФОП,0.0,0,0,3
2022-10-06,,Не визначений,ФОП,0.0,0,0,3
2022-10-04,UA32000000000030281,КИЇВСЬКА ОБЛАСТЬ,ФОП,0.0,0,0,1
2022-10-04,,Не визначений,Фізична особа,0.0,0,0,1
2022-10-04,,Не визначений,ФОП,0.0,0,0,2
2022-10-03,,Не визначений,ФОП,0.0,0,0,2
2022-10-02,,Не визначений,ФОП,0.0,0,0,1
2022-09-29,UA48000000000039575,МИКОЛАЇВСЬКА ОБЛАСТЬ,ФОП,0.0,0,0,1
2022-09-29,,Не визначений,ФОП,0.0,0,0,2
2022-09-28,UA05000000000010236,ВІННИЦЬКА ОБЛАСТЬ,ФОП,4.6323,0,0,2
2022-09-27,,Не визначений,ФОП,0.0,0,0,1
2022-09-25,UA05000000000010236,ВІННИЦЬКА ОБЛАСТЬ,ФОП,0.0,0,0,1
2022-09-24,UA05000000000010236,ВІННИЦЬКА ОБЛАСТЬ,Фізична особа,0.0,0,0,1
2022-09-24,UA05000000000010236,ВІННИЦЬКА ОБЛАСТЬ,ФОП,0.0,0,0,3
2022-09-24,UA07000000000024379,ВОЛИНСЬКА ОБЛАСТЬ,ФОП,0.0,0,0,2
2022-09-24,UA12000000000090473,ДНІПРОПЕТРОВСЬКА ОБЛАСТЬ,ФОП,2.0,0,0,4
2022-09-24,UA18000000000041385,ЖИТОМИРСЬКА ОБЛАСТЬ,ФОП,0.0,0,0,3
2022-09-24,UA35000000000016081,КІРОВОГРАДСЬКА ОБЛАСТЬ,ФОП,7.3232,0,0,3
2022-09-24,UA46000000000026241,ЛЬВІВСЬКА ОБЛАСТЬ,ФОП,0.0,0,0,1
2022-09-24,UA48000000000039575,МИКОЛАЇВСЬКА ОБЛАСТЬ,ФОП,16.5377,0,0,9
2022-09-24,UA51000000000030770,ОДЕСЬКА ОБЛАСТЬ,ФОП,0.0,0,0,1
2022-09-24,UA53000000000028050,ПОЛТАВСЬКА ОБЛАСТЬ,ФОП,0.0,0,0,2
2022-09-24,UA56000000000066151,РІВНЕНСЬКА ОБЛАСТЬ,ФОП,0.0,0,0,1
2022-09-24,UA63000000000041885,ХАРКІВСЬКА ОБЛАСТЬ,ФОП,0.0,0,0,5
2022-09-24,UA68000000000099709,ХМЕЛЬНИЦЬКА ОБЛАСТЬ,ФОП,0.0,0,0,4
2022-09-24,UA71000000000010357,ЧЕРКАСЬКА ОБЛАСТЬ,ФОП,0.0,0,0,1
2022-09-24,,Не визначений,Фізична особа,0.0,0,0,2
2022-09-24,,Не визначений,ФОП,11.5701,0,0,44
2022-09-23,UA05000000000010236,ВІННИЦЬКА ОБЛАСТЬ,ФОП,0.0,0,0,1
2022-09-23,UA12000000000090473,ДНІПРОПЕТРОВСЬКА ОБЛАСТЬ,ФОП,0.0,0,0,1
2022-09-23,UA21000000000011690,ЗАКАРПАТСЬКА ОБЛАСТЬ,ФОП,0.0,0,0,1
2022-09-23,UA35000000000016081,КІРОВОГРАДСЬКА ОБЛАСТЬ,ФОП,0.0,0,0,2
2022-09-23,UA48000000000039575,МИКОЛАЇВСЬКА ОБЛАСТЬ,ФОП,0.0,0,0,2
2022-09-23,UA56000000000066151,РІВНЕНСЬКА ОБЛАСТЬ,ФОП,0.0,0,0,2
2022-09-23,UA63000000000041885,ХАРКІВСЬКА ОБЛАСТЬ,ФОП,0.0,0,0,2
2022-09-23,,Не визначений,ФОП,0.0,0,0,9
2022-09-20,UA80000000000093317,М. КИЇВ,Юридична особа,0.0,0,0,1
2022-09-18,UA07000000000024379,ВОЛИНСЬКА ОБЛАСТЬ,Юридична особа,56.159600000000005,0,0,1
2022-09-16,UA48000000000039575,МИКОЛАЇВСЬКА ОБЛАСТЬ,ФОП,2.0,0,0,1
2022-09-15,UA12000000000090473,ДНІПРОПЕТРОВСЬКА ОБЛАСТЬ,ФОП,0.0,0,0,1
2022-09-14,,Не визначений,ФОП,2.0,0,0,1
2022-09-13,UA68000000000099709,ХМЕЛЬНИЦЬКА ОБЛАСТЬ,Юридична особа,70.32430000000001,0,0,1
2022-09-09,UA07000000000024379,ВОЛИНСЬКА ОБЛАСТЬ,Юридична особа,78.0564,0,0,1
2022-09-09,UA48000000000039575,МИКОЛАЇВСЬКА ОБЛАСТЬ,Юридична особа,36.193799999999996,0,0,1
2022-09-09,,Не визначений,Фізична особа,0.0,0,0,1
2022-09-08,UA05000000000010236,ВІННИЦЬКА ОБЛАСТЬ,Юридична особа,0.0,0,0,1
2022-09-08,UA07000000000024379,ВОЛИНСЬКА ОБЛАСТЬ,Юридична особа,1588.9219083333332,1395,0,5
2022-09-08,UA48000000000039575,МИКОЛАЇВСЬКА ОБЛАСТЬ,Юридична особа,251.37880000000004,0,0,1
2022-09-08,UA56000000000066151,РІВНЕНСЬКА ОБЛАСТЬ,Юридична особа,16.814999999999998,0,0,2
2022-09-08,UA80000000000093317,М. КИЇВ,Юридична особа,0.0,0,0,8
2022-09-08,,Не визначений,Фізична особа,2300.0,0,0,9
2022-09-08,,Не визначений,Юридична особа,0.0,0,0,3
2022-09-07,UA80000000000093317,М. КИЇВ,Юридична особа,0.0,0,0,1
2022-09-06,UA56000000000066151,РІВНЕНСЬКА ОБЛАСТЬ,Юридична особа,8.407499999999999,0,0,1
2022-09-04,,Не визначений,Фізична особа,0.0,1,0,1
2022-09-03,UA12000000000090473,ДНІПРОПЕТРОВСЬКА ОБЛАСТЬ,Фізична особа,62.9655,0,0,1
2022-09-02,,Не визначений,Юридична особа,0.0,0,0,1
2022-08-30,,Не визначений,Юридична особа,0.0,0,0,4
2022-08-28,UA46000000000026241,ЛЬВІВСЬКА ОБЛАСТЬ,Юридична особа,1.67,0,0,1
2022-08-28,UA59000000000057109,СУМСЬКА ОБЛАСТЬ,Юридична особа,39.889700000000005,0,0,1
2022-08-27,UA80000000000093317,М. КИЇВ,Юридична особа,0.0,0,0,1
2022-08-27,,Не визначений,Фізична особа,0.0,0,0,1
2022-08-25,UA63000000000041885,ХАРКІВСЬКА ОБЛАСТЬ,Юридична особа,479.8237,0,0,1
2022-08-25,,Не визначений,ФОП,0.0,0,0,2
2022-08-23,UA32000000000030281,КИЇВСЬКА ОБЛАСТЬ,ФОП,0.0,0,0,1
2022-08-23,UA35000000000016081,КІРОВОГРАДСЬКА ОБЛАСТЬ,Юридична особа,4421.439,0,0,1
2022-08-23,UA80000000000093317,М. КИЇВ,ФОП,0.0,0,0,1
2022-08-15,UA32000000000030281,КИЇВСЬКА ОБЛАСТЬ,ФОП,0.0,0,0,1
2022-08-15,,Не визначений,Фізична особа,0.0,0,0,1
2022-08-11,UA18000000000041385,ЖИТОМИРСЬКА ОБЛАСТЬ,ФОП,12357.246799999997,0,0,1
2022-07-27,UA80000000000093317,М. КИЇВ,Юридична особа,0.0,0,0,1
2022-07-27,,Не визначений,Юридична особа,0.0,0,0,4
2022-07-25,UA46000000000026241,ЛЬВІВСЬКА ОБЛАСТЬ,ФОП,12312.785,790,583212.54,1
2022-07-25,UA59000000000057109,СУМСЬКА ОБЛАСТЬ,ФОП,1256.0925299999979,206,551623,1
2022-07-22,UA80000000000093317,М. КИЇВ,Юридична особа,0.0,0,0,10
2021-06-24,UA46000000000026241,ЛЬВІВСЬКА ОБЛАСТЬ,Юридична особа,21.615399999999998,0,0,1
2021-06-22,UA48000000000039575,МИКОЛАЇВСЬКА ОБЛАСТЬ,Юридична особа,573.2542999999998,0,0,1
2021-06-19,UA14000000000091971,ДОНЕЦЬКА ОБЛАСТЬ,Юридична особа,1851.9710999999998,0,0,1
2021-06-17,UA51000000000030770,ОДЕСЬКА ОБЛАСТЬ,Юридична особа,2525.622299999998,0,0,1
2021-06-16,UA48000000000039575,МИКОЛАЇВСЬКА ОБЛАСТЬ,Юридична особа,519.1147000000001,0,0,1
2021-06-15,UA18000000000041385,ЖИТОМИРСЬКА ОБЛАСТЬ,Юридична особа,28.992199999999997,0,0,1
2021-06-15,UA46000000000026241,ЛЬВІВСЬКА ОБЛАСТЬ,Фізична особа,0.0,0,0,1
2021-06-15,UA46000000000026241,ЛЬВІВСЬКА ОБЛАСТЬ,Юридична особа,1289.9373000000003,0,0,1
2021-06-15,UA65000000000030969,ХЕРСОНСЬКА ОБЛАСТЬ,Юридична особа,5.9985,0,0,1
2021-06-13,UA21000000000011690,ЗАКАРПАТСЬКА ОБЛАСТЬ,Юридична особа,1189.7221000000002,0,0,1
2021-06-10,UA46000000000026241,ЛЬВІВСЬКА ОБЛАСТЬ,Юридична особа,955.9611999999989,0,0,1
2021-06-07,UA18000000000041385,ЖИТОМИРСЬКА ОБЛАСТЬ,Юридична особа,849.8963999999994,0,0,1
2021-06-04,UA46000000000026241,ЛЬВІВСЬКА ОБЛАСТЬ,Юридична особа,207.2414,0,0,2
2021-06-04,UA53000000000028050,ПОЛТАВСЬКА ОБЛАСТЬ,ФОП,172.5475,0,58024,1
2021-06-03,UA51000000000030770,ОДЕСЬКА ОБЛАСТЬ,Фізична особа,2.0,0,0,1
2021-06-03,UA56000000000066151,РІВНЕНСЬКА ОБЛАСТЬ,Юридична особа,94.3942,0,0,1
2021-06-02,UA44000000000018893,ЛУГАНСЬКА ОБЛАСТЬ,Юридична особа,0.0,0,0,1
2021-06-02,UA46000000000026241,ЛЬВІВСЬКА ОБЛАСТЬ,Фізична особа,0.0,0,0,1
2021-06-01,UA48000000000039575,МИКОЛАЇВСЬКА ОБЛАСТЬ,Юридична особа,595.9953999999998,0,0,1
2021-05-31,UA44000000000018893,ЛУГАНСЬКА ОБЛАСТЬ,Юридична особа,402.48079999999993,0,0,2
2021-05-31,UA46000000000026241,ЛЬВІВСЬКА ОБЛАСТЬ,Юридична особа,120.9666,0,0,1
2021-05-30,UA44000000000018893,ЛУГАНСЬКА ОБЛАСТЬ,ФОП,115.77700000000002,0,0,1
2021-05-30,UA44000000000018893,ЛУГАНСЬКА ОБЛАСТЬ,Юридична особа,537.6531000000001,0,0,3
2021-05-27,UA01000000000013043,Автономна Республіка Крим,Фізична особа,0.0,0,0,1
2021-05-25,UA01000000000013043,Автономна Республіка Крим,Фізична особа,0.0,0,0,1
2021-05-25,UA07000000000024379,ВОЛИНСЬКА ОБЛАСТЬ,Юридична особа,117.47819999999999,0,0,1
2021-05-24,UA07000000000024379,ВОЛИНСЬКА ОБЛАСТЬ,Юридична особа,200.60820000000004,0,0,1
2021-05-24,UA46000000000026241,ЛЬВІВСЬКА ОБЛАСТЬ,Юридична особа,1053.638599999999,0,0,1
2021-05-24,UA80000000000093317,М. КИЇВ,ФОП,0.0,0,0,1
2021-05-22,UA18000000000041385,ЖИТОМИРСЬКА ОБЛАСТЬ,Юридична особа,337.0050999999999,0,0,1
2021-05-21,UA46000000000026241,ЛЬВІВСЬКА ОБЛАСТЬ,Юридична особа,880.328799999999,0,0,1
2021-05-19,UA53000000000028050,ПОЛТАВСЬКА ОБЛАСТЬ,Юридична особа,232.06690000000006,0,0,1
2021-05-11,UA56000000000066151,РІВНЕНСЬКА ОБЛАСТЬ,Юридична особа,218.50439999999998,0,0,1
2021-05-05,UA65000000000030969,ХЕРСОНСЬКА ОБЛАСТЬ,Юридична особа,123.70370000000003,0,0,1
2021-04-29,UA53000000000028050,ПОЛТАВСЬКА ОБЛАСТЬ,Юридична особа,107.75489999999999,0,0,1
2021-04-27,UA07000000000024379,ВОЛИНСЬКА ОБЛАСТЬ,ФОП,0.49829999999999997,109,0,1
2021-04-27,UA51000000000030770,ОДЕСЬКА ОБЛАСТЬ,ФОП,18.4361,0,0,1
2021-04-26,UA46000000000026241,ЛЬВІВСЬКА ОБЛАСТЬ,Юридична особа,780.4599000000002,0,0,1
2021-04-26,UA63000000000041885,ХАРКІВСЬКА ОБЛАСТЬ,Юридична особа,105.9623,0,0,1
2021-04-26,UA74000000000025378,ЧЕРНІГІВСЬКА ОБЛАСТЬ,Фізична особа,2.6591,0,0,1
2021-04-23,UA46000000000026241,ЛЬВІВСЬКА ОБЛАСТЬ,Юридична особа,1473.9762999999934,0,0,1
2021-04-22,UA32000000000030281,КИЇВСЬКА ОБЛАСТЬ,Юридична особа,565.4032000000001,0,0,1
2021-04-11,UA35000000000016081,КІРОВОГРАДСЬКА ОБЛАСТЬ,Юридична особа,278.2882,0,0,1
2021-04-09,UA23000000000064947,ЗАПОРІЗЬКА ОБЛАСТЬ,Юридична особа,994.6803999999995,0,0,1
2021-04-08,UA12000000000090473,ДНІПРОПЕТРОВСЬКА ОБЛАСТЬ,ФОП,1.9694,0,0,1
2021-04-08,UA46000000000026241,ЛЬВІВСЬКА ОБЛАСТЬ,Юридична особа,32.837299999999985,0,0,1
2021-04-07,UA46000000000026241,ЛЬВІВСЬКА ОБЛАСТЬ,Юридична особа,11.7212,0,0,1
2021-03-29,UA32000000000030281,КИЇВСЬКА ОБЛАСТЬ,Юридична особа,0.0,0,0,1
2021-03-24,UA53000000000028050,ПОЛТАВСЬКА ОБЛАСТЬ,Юридична особа,183.67249999999999,0,0,1
2021-03-22,UA32000000000030281,КИЇВСЬКА ОБЛАСТЬ,Юридична особа,1688.3947999999973,0,0,1
2021-03-21,UA35000000000016081,КІРОВОГРАДСЬКА ОБЛАСТЬ,Фізична особа,2.7601,0,0,1
2021-03-19,UA32000000000030281,КИЇВСЬКА ОБЛАСТЬ,Юридична особа,1531.7988,0,0,1
2021-03-18,UA53000000000028050,ПОЛТАВСЬКА ОБЛАСТЬ,Юридична особа,5321.265400000006,0,0,1
2021-03-17,UA53000000000028050,ПОЛТАВСЬКА ОБЛАСТЬ,Юридична особа,30.1291,0,0,1
2021-03-15,UA32000000000030281,КИЇВСЬКА ОБЛАСТЬ,Фізична особа,6.3770999999999995,0,0,1
2021-03-02,UA05000000000010236,ВІННИЦЬКА ОБЛАСТЬ,Юридична особа,236.26610000000008,0,0,1
2021-03-01,UA48000000000039575,МИКОЛАЇВСЬКА ОБЛАСТЬ,ФОП,172.8672,0,0,1
2021-02-23,UA53000000000028050,ПОЛТАВСЬКА ОБЛАСТЬ,Юридична особа,4464.569999999995,0,0,1
2021-02-23,UA80000000000093317,М. КИЇВ,ФОП,0.0,0,0,1
2021-02-22,UA26000000000069363,ІВАНО-ФРАНКІВСЬКА ОБЛАСТЬ,Фізична особа,0.0,0,0,1
2021-02-22,UA32000000000030281,КИЇВСЬКА ОБЛАСТЬ,Фізична особа,2.0,0,0,1
2021-02-22,UA53000000000028050,ПОЛТАВСЬКА ОБЛАСТЬ,Юридична особа,250.7212,0,0,1
2021-02-22,UA63000000000041885,ХАРКІВСЬКА ОБЛАСТЬ,Юридична особа,1850.0920000000017,0,0,1
2021-02-21,UA59000000000057109,СУМСЬКА ОБЛАСТЬ,Фізична особа,6.1654,0,0,1
2021-02-19,UA32000000000030281,КИЇВСЬКА ОБЛАСТЬ,ФОП,2.1,0,0,1
2021-02-19,UA71000000000010357,ЧЕРКАСЬКА ОБЛАСТЬ,Юридична особа,19.9984,0,0,1
2021-02-18,UA74000000000025378,ЧЕРНІГІВСЬКА ОБЛАСТЬ,Юридична особа,887.0265000000002,0,0,1
2021-02-16,UA32000000000030281,КИЇВСЬКА ОБЛАСТЬ,ФОП,8.215,0,0,1
2021-02-16,UA46000000000026241,ЛЬВІВСЬКА ОБЛАСТЬ,Юридична особа,1.99,0,0,1
2021-02-16,UA80000000000093317,М. КИЇВ,Юридична особа,45.7087,0,0,1
2021-02-09,UA44000000000018893,ЛУГАНСЬКА ОБЛАСТЬ,Юридична особа,9.2198,0,0,1
2021-02-09,UA71000000000010357,ЧЕРКАСЬКА ОБЛАСТЬ,Фізична особа,2.1035,0,0,1
2021-02-07,UA23000000000064947,ЗАПОРІЗЬКА ОБЛАСТЬ,ФОП,44.4655,0,1268,1
2021-02-06,UA51000000000030770,ОДЕСЬКА ОБЛАСТЬ,Юридична особа,96.34380000000003,0,0,1
2021-02-04,UA07000000000024379,ВОЛИНСЬКА ОБЛАСТЬ,Фізична особа,3.6444,0,0,1
2021-02-04,UA32000000000030281,КИЇВСЬКА ОБЛАСТЬ,Юридична особа,0.0,0,0,1
2021-02-02,UA46000000000026241,ЛЬВІВСЬКА ОБЛАСТЬ,ФОП,13.3584,0,0,1
2021-02-02,UA71000000000010357,ЧЕРКАСЬКА ОБЛАСТЬ,Юридична особа,17.1496,0,0,1
2021-01-31,UA23000000000064947,ЗАПОРІЗЬКА ОБЛАСТЬ,Юридична особа,244.11320000000003,0,0,1
2021-01-27,UA48000000000039575,МИКОЛАЇВСЬКА ОБЛАСТЬ,Юридична особа,96.26869999999998,0,0,1
2021-01-27,UA59000000000057109,СУМСЬКА ОБЛАСТЬ,Юридична особа,3123.5878499999926,1,0,1
2021-01-22,UA32000000000030281,КИЇВСЬКА ОБЛАСТЬ,ФОП,0.1,0,0,1
2021-01-22,UA35000000000016081,КІРОВОГРАДСЬКА ОБЛАСТЬ,Юридична особа,4365.124499999996,0,0,1
2021-01-22,UA46000000000026241,ЛЬВІВСЬКА ОБЛАСТЬ,Юридична особа,1179.5816000000013,0,0,1
2021-01-21,UA18000000000041385,ЖИТОМИРСЬКА ОБЛАСТЬ,Юридична особа,608.2436,0,0,1
2021-01-19,UA12000000000090473,ДНІПРОПЕТРОВСЬКА ОБЛАСТЬ,ФОП,6.3384,0,0,1
2021-01-19,UA23000000000064947,ЗАПОРІЗЬКА ОБЛАСТЬ,Юридична особа,143.78309999999996,0,0,1
2021-01-19,UA32000000000030281,КИЇВСЬКА ОБЛАСТЬ,Фізична особа,0.07,0,0,1
2021-01-18,UA12000000000090473,ДНІПРОПЕТРОВСЬКА ОБЛАСТЬ,Юридична особа,86.39,0,0,1
2021-01-15,UA32000000000030281,КИЇВСЬКА ОБЛАСТЬ,Юридична особа,0.0,0,0,1
2021-01-14,UA23000000000064947,ЗАПОРІЗЬКА ОБЛАСТЬ,Юридична особа,644.6247999999998,0,0,1
2021-01-12,UA48000000000039575,МИКОЛАЇВСЬКА ОБЛАСТЬ,Юридична особа,2324.1591999999996,0,0,1
2021-01-10,UA18000000000041385,ЖИТОМИРСЬКА ОБЛАСТЬ,Юридична особа,111.5241,1,0,1
2021-01-09,UA35000000000016081,КІРОВОГРАДСЬКА ОБЛАСТЬ,Юридична особа,76.65739999999995,0,0,1
2021-01-07,UA12000000000090473,ДНІПРОПЕТРОВСЬКА ОБЛАСТЬ,ФОП,101.98690000000002,0,0,1
2021-01-06,UA05000000000010236,ВІННИЦЬКА ОБЛАСТЬ,Юридична особа,1847.1138999999998,0,0,1
2021-01-06,UA71000000000010357,ЧЕРКАСЬКА ОБЛАСТЬ,Юридична особа,19.577299999999997,0,0,1
2021-01-05,UA44000000000018893,ЛУГАНСЬКА ОБЛАСТЬ,Юридична особа,870.7625,0,0,1
2021-01-05,UA71000000000010357,ЧЕРКАСЬКА ОБЛАСТЬ,Юридична особа,68.294,0,0,2
2021-01-01,UA80000000000093317,М. КИЇВ,Юридична особа,0.0,0,0,1
2021-01-01,,Не визначений,Фізична особа,0.0,0,0,1
2021-01-01,,Не визначений,Юридична особа,0.0,0,0,1
2020-12-31,UA51000000000030770,ОДЕСЬКА ОБЛАСТЬ,Юридична особа,2674.3624000000004,0,0,1
2020-12-30,UA23000000000064947,ЗАПОРІЗЬКА ОБЛАСТЬ,Юридична особа,10.642700000000001,0,0,1
2020-12-28,UA23000000000064947,ЗАПОРІЗЬКА ОБЛАСТЬ,Юридична особа,44.9486,0,0,1
2020-12-28,UA26000000000069363,ІВАНО-ФРАНКІВСЬКА ОБЛАСТЬ,Юридична особа,14.3569,0,0,1
2020-12-27,UA07000000000024379,ВОЛИНСЬКА ОБЛАСТЬ,ФОП,18.8777,0,0,1
2020-12-27,UA23000000000064947,ЗАПОРІЗЬКА ОБЛАСТЬ,ФОП,51.950100000000006,0,0,1
2020-12-27,UA51000000000030770,ОДЕСЬКА ОБЛАСТЬ,Юридична особа,111.87370000000001,0,0,1
2020-12-25,UA46000000000026241,ЛЬВІВСЬКА ОБЛАСТЬ,Юридична особа,36.0,0,0,1
2020-12-24,UA44000000000018893,ЛУГАНСЬКА ОБЛАСТЬ,Юридична особа,2930.8367999999996,0,0,8
2020-12-23,UA05000000000010236,ВІННИЦЬКА ОБЛАСТЬ,Юридична особа,503.7856000000001,0,0,1
2020-12-23,UA46000000000026241,ЛЬВІВСЬКА ОБЛАСТЬ,Фізична особа,0.0,0,0,1
2020-12-23,UA74000000000025378,ЧЕРНІГІВСЬКА ОБЛАСТЬ,Фізична особа,2.1,0,0,1
2020-12-22,UA48000000000039575,МИКОЛАЇВСЬКА ОБЛАСТЬ,Юридична особа,65.2472,0,0,1
2020-12-17,UA71000000000010357,ЧЕРКАСЬКА ОБЛАСТЬ,Юридична особа,132.29330000000002,0,0,1
2020-12-17,UA80000000000093317,М. КИЇВ,Юридична особа,43.2361,0,0,1
2020-12-08,UA23000000000064947,ЗАПОРІЗЬКА ОБЛАСТЬ,Юридична особа,425.5459999999999,0,0,1
2020-12-06,UA48000000000039575,МИКОЛАЇВСЬКА ОБЛАСТЬ,Юридична особа,682.6109999999996,0,0,1
2020-12-04,UA44000000000018893,ЛУГАНСЬКА ОБЛАСТЬ,Юридична особа,0.0,0,0,1
2020-12-04,UA51000000000030770,ОДЕСЬКА ОБЛАСТЬ,Юридична особа,123.9913,0,0,1
2020-12-04,UA71000000000010357,ЧЕРКАСЬКА ОБЛАСТЬ,Юридична особа,105.39390000000002,0,0,1
2020-12-03,UA65000000000030969,ХЕРСОНСЬКА ОБЛАСТЬ,Фізична особа,1.5,0,0,1
2020-11-23,UA59000000000057109,СУМСЬКА ОБЛАСТЬ,Юридична особа,2030.2375999999906,0,0,1
2020-11-20,UA32000000000030281,КИЇВСЬКА ОБЛАСТЬ,Юридична особа,4080.0,0,0,1
2020-11-19,UA32000000000030281,КИЇВСЬКА ОБЛАСТЬ,Юридична особа,0.0,0,0,1
2020-11-18,UA07000000000024379,ВОЛИНСЬКА ОБЛАСТЬ,Юридична особа,51.8463,0,0,2
2020-11-16,UA23000000000064947,ЗАПОРІЗЬКА ОБЛАСТЬ,Юридична особа,1195.1612833333343,0,0,1
2020-11-12,UA65000000000030969,ХЕРСОНСЬКА ОБЛАСТЬ,Юридична особа,91.81350000000002,0,0,1
2020-11-06,UA05000000000010236,ВІННИЦЬКА ОБЛАСТЬ,Юридична особа,773.8863,0,0,2
2020-11-05,UA46000000000026241,ЛЬВІВСЬКА ОБЛАСТЬ,Юридична особа,1380.7656000000015,0,0,1
2020-10-27,UA32000000000030281,КИЇВСЬКА ОБЛАСТЬ,ФОП,299.4252000000001,0,0,1
2020-10-27,UA61000000000060328,ТЕРНОПІЛЬСЬКА ОБЛАСТЬ,Юридична особа,10.8743,0,0,1
2020-10-20,UA21000000000011690,ЗАКАРПАТСЬКА ОБЛАСТЬ,Юридична особа,53.064,0,0,1
2020-10-19,UA68000000000099709,ХМЕЛЬНИЦЬКА ОБЛАСТЬ,Юридична особа,279.21270000000015,0,0,1
2020-10-16,UA07000000000024379,ВОЛИНСЬКА ОБЛАСТЬ,Юридична особа,2131.331699999998,0,0,1
2020-10-16,UA65000000000030969,ХЕРСОНСЬКА ОБЛАСТЬ,Юридична особа,53.0,0,0,1
2020-10-15,UA35000000000016081,КІРОВОГРАДСЬКА ОБЛАСТЬ,Юридична особа,2728.208699999995,0,0,6
2020-10-15,UA65000000000030969,ХЕРСОНСЬКА ОБЛАСТЬ,Юридична особа,619.9167999999999,0,0,1
2020-10-13,UA12000000000090473,ДНІПРОПЕТРОВСЬКА ОБЛАСТЬ,Юридична особа,0.0,0,0,1
2020-10-13,UA35000000000016081,КІРОВОГРАДСЬКА ОБЛАСТЬ,Юридична особа,6890.613,0,0,6
2020-10-13,UA51000000000030770,ОДЕСЬКА ОБЛАСТЬ,Юридична особа,0.0,0,0,1
2020-10-13,UA59000000000057109,СУМСЬКА ОБЛАСТЬ,ФОП,939.5278000000004,0,0,1
2020-10-13,UA65000000000030969,ХЕРСОНСЬКА ОБЛАСТЬ,Юридична особа,49.9951,0,0,1
2020-10-13,UA71000000000010357,ЧЕРКАСЬКА ОБЛАСТЬ,Фізична особа,0.0,0,0,1
2020-10-12,UA71000000000010357,ЧЕРКАСЬКА ОБЛАСТЬ,Фізична особа,9.1765,0,0,2
2020-10-12,UA71000000000010357,ЧЕРКАСЬКА ОБЛАСТЬ,Юридична особа,1453.7958000000008,0,0,2
2020-10-12,,Не визначений,Фізична особа,217.2996,0,0,1
2020-10-09,UA35000000000016081,КІРОВОГРАДСЬКА ОБЛАСТЬ,Юридична особа,1129.0563279999997,0,0,3
2020-10-09,UA68000000000099709,ХМЕЛЬНИЦЬКА ОБЛАСТЬ,Юридична особа,0.0,0,0,2
2020-10-08,UA35000000000016081,КІРОВОГРАДСЬКА ОБЛАСТЬ,Юридична особа,8450.110300000002,4,0,5
2020-10-07,UA35000000000016081,КІРОВОГРАДСЬКА ОБЛАСТЬ,Юридична особа,39.9843,0,0,1
2020-10-06,UA35000000000016081,КІРОВОГРАДСЬКА ОБЛАСТЬ,Юридична особа,1808.5076999999997,0,0,1
2020-10-06,UA56000000000066151,РІВНЕНСЬКА ОБЛАСТЬ,Юридична особа,119.82390000000001,0,0,1
2020-10-05,UA35000000000016081,КІРОВОГРАДСЬКА ОБЛАСТЬ,Юридична особа,1142.7465999999988,0,0,1
2020-10-02,UA32000000000030281,КИЇВСЬКА ОБЛАСТЬ,Фізична особа,0.0975,0,0,1
2020-10-01,UA12000000000090473,ДНІПРОПЕТРОВСЬКА ОБЛАСТЬ,Юридична особа,185.2012,0,0,2
2020-10-01,UA14000000000091971,ДОНЕЦЬКА ОБЛАСТЬ,Юридична особа,462.20000000000005,0,0,1
2020-10-01,UA46000000000026241,ЛЬВІВСЬКА ОБЛАСТЬ,ФОП,7.2196,23,259000,1
2020-10-01,UA71000000000010357,ЧЕРКАСЬКА ОБЛАСТЬ,Юридична особа,577.9067,0,0,2
2020-09-30,UA23000000000064947,ЗАПОРІЗЬКА ОБЛАСТЬ,ФОП,20.9,0,0,1
2020-09-30,UA44000000000018893,ЛУГАНСЬКА ОБЛАСТЬ,Юридична особа,448.84349999999984,0,0,1
2020-09-29,UA12000000000090473,ДНІПРОПЕТРОВСЬКА ОБЛАСТЬ,Юридична особа,42.7197,0,0,1
2020-09-29,UA14000000000091971,ДОНЕЦЬКА ОБЛАСТЬ,Юридична особа,897.6403000000006,0,0,4
2020-09-28,UA44000000000018893,ЛУГАНСЬКА ОБЛАСТЬ,Юридична особа,80.5889,0,0,1
2020-09-26,UA26000000000069363,ІВАНО-ФРАНКІВСЬКА ОБЛАСТЬ,Юридична особа,17.5715,0,0,1
2020-09-26,UA61000000000060328,ТЕРНОПІЛЬСЬКА ОБЛАСТЬ,Юридична особа,218.82499999999996,0,0,1
2020-09-24,UA12000000000090473,ДНІПРОПЕТРОВСЬКА ОБЛАСТЬ,Юридична особа,2062.932699999999,0,0,4
2020-09-24,UA14000000000091971,ДОНЕЦЬКА ОБЛАСТЬ,Юридична особа,1083.7071000000003,0,0,2
2020-09-24,UA44000000000018893,ЛУГАНСЬКА ОБЛАСТЬ,ФОП,138.299,0,0,1
2020-09-24,UA44000000000018893,ЛУГАНСЬКА ОБЛАСТЬ,Юридична особа,1450.2729,0,0,2
2020-09-22,UA12000000000090473,ДНІПРОПЕТРОВСЬКА ОБЛАСТЬ,Фізична особа,5.15,0,0,1
2020-09-22,UA12000000000090473,ДНІПРОПЕТРОВСЬКА ОБЛАСТЬ,Юридична особа,3933.2773000000034,0,0,1
2020-09-22,UA65000000000030969,ХЕРСОНСЬКА ОБЛАСТЬ,Юридична особа,155.84330000000003,0,0,1
2020-09-21,UA12000000000090473,ДНІПРОПЕТРОВСЬКА ОБЛАСТЬ,Юридична особа,266.37589999999994,0,0,1
2020-09-20,UA07000000000024379,ВОЛИНСЬКА ОБЛАСТЬ,Юридична особа,80.70810000000002,0,0,1
2020-09-18,UA14000000000091971,ДОНЕЦЬКА ОБЛАСТЬ,Юридична особа,47.4618,0,0,1
2020-09-18,UA44000000000018893,ЛУГАНСЬКА ОБЛАСТЬ,ФОП,434.69700000000006,0,0,1
2020-09-18,UA44000000000018893,ЛУГАНСЬКА ОБЛАСТЬ,Юридична особа,521.7458999999999,0,0,3
2020-09-17,UA46000000000026241,ЛЬВІВСЬКА ОБЛАСТЬ,Юридична особа,89.99970000000016,0,0,1
2020-09-16,UA12000000000090473,ДНІПРОПЕТРОВСЬКА ОБЛАСТЬ,Фізична особа,0.0,0,0,1
2020-09-16,UA12000000000090473,ДНІПРОПЕТРОВСЬКА ОБЛАСТЬ,Юридична особа,10446.25689999998,0,0,1
2020-09-16,UA23000000000064947,ЗАПОРІЗЬКА ОБЛАСТЬ,Юридична особа,221.49259999999998,0,0,1
2020-09-16,UA44000000000018893,ЛУГАНСЬКА ОБЛАСТЬ,Юридична особа,934.2309999999999,0,0,1
2020-09-16,UA63000000000041885,ХАРКІВСЬКА ОБЛАСТЬ,Юридична особа,510.95629999999994,0,0,1
2020-09-15,UA23000000000064947,ЗАПОРІЗЬКА ОБЛАСТЬ,Юридична особа,2011.673200000004,0,0,1
2020-09-15,UA44000000000018893,ЛУГАНСЬКА ОБЛАСТЬ,Юридична особа,99.05859999999997,0,0,1
2020-09-14,UA35000000000016081,КІРОВОГРАДСЬКА ОБЛАСТЬ,Юридична особа,758.6031999999997,0,0,1
2020-09-14,UA44000000000018893,ЛУГАНСЬКА ОБЛАСТЬ,Юридична особа,255.43240000000003,0,0,1
2020-09-11,UA63000000000041885,ХАРКІВСЬКА ОБЛАСТЬ,Юридична особа,312.6204,0,0,1
2020-09-11,UA65000000000030969,ХЕРСОНСЬКА ОБЛАСТЬ,Юридична особа,203.14667499999996,0,0,1
2020-09-10,UA44000000000018893,ЛУГАНСЬКА ОБЛАСТЬ,Юридична особа,964.4762999999999,0,0,1
2020-09-10,UA61000000000060328,ТЕРНОПІЛЬСЬКА ОБЛАСТЬ,Юридична особа,120.51609999999998,0,0,1
2020-09-10,UA63000000000041885,ХАРКІВСЬКА ОБЛАСТЬ,Юридична особа,271.4824,0,0,1
2020-09-09,UA14000000000091971,ДОНЕЦЬКА ОБЛАСТЬ,Юридична особа,153.3514,0,0,1
2020-09-08,UA65000000000030969,ХЕРСОНСЬКА ОБЛАСТЬ,ФОП,100.86170000000001,0,0,1
2020-09-07,UA23000000000064947,ЗАПОРІЗЬКА ОБЛАСТЬ,Фізична особа,0.0,0,0,1
2020-09-07,UA35000000000016081,КІРОВОГРАДСЬКА ОБЛАСТЬ,Фізична особа,5.5504999999999995,0,0,1
2020-09-04,UA14000000000091971,ДОНЕЦЬКА ОБЛАСТЬ,Юридична особа,8.462900000000001,0,0,1
2020-09-04,UA68000000000099709,ХМЕЛЬНИЦЬКА ОБЛАСТЬ,Юридична особа,2.7311,0,0,1
2020-09-02,UA12000000000090473,ДНІПРОПЕТРОВСЬКА ОБЛАСТЬ,Фізична особа,2.0,0,0,1
2020-08-27,UA35000000000016081,КІРОВОГРАДСЬКА ОБЛАСТЬ,Юридична особа,199.7676,0,0,1
2020-08-26,UA07000000000024379,ВОЛИНСЬКА ОБЛАСТЬ,ФОП,20.400100000000002,5,0,1
2020-08-25,UA71000000000010357,ЧЕРКАСЬКА ОБЛАСТЬ,Юридична особа,1273.6661000000008,0,0,1
2020-08-06,UA07000000000024379,ВОЛИНСЬКА ОБЛАСТЬ,Юридична особа,16.732300000000002,0,0,1
2020-07-31,UA32000000000030281,КИЇВСЬКА ОБЛАСТЬ,Юридична особа,948.5985,0,0,1
2020-07-28,UA07000000000024379,ВОЛИНСЬКА ОБЛАСТЬ,ФОП,0.6,0,0,1
2020-07-21,UA07000000000024379,ВОЛИНСЬКА ОБЛАСТЬ,Юридична особа,5.6544,0,0,1
2020-07-21,UA63000000000041885,ХАРКІВСЬКА ОБЛАСТЬ,Фізична особа,200.0,0,0,1
2020-07-14,UA07000000000024379,ВОЛИНСЬКА ОБЛАСТЬ,Юридична особа,3395.6311999999934,1419,90,1
2020-06-23,UA53000000000028050,ПОЛТАВСЬКА ОБЛАСТЬ,Юридична особа,257.8669,0,0,1
2020-06-22,UA59000000000057109,СУМСЬКА ОБЛАСТЬ,Юридична особа,131.7445,0,0,1
2020-06-12,UA07000000000024379,ВОЛИНСЬКА ОБЛАСТЬ,Юридична особа,19.4253,0,0,1
2020-06-01,UA48000000000039575,МИКОЛАЇВСЬКА ОБЛАСТЬ,Юридична особа,255.79909999999995,0,0,1
2020-05-30,UA68000000000099709,ХМЕЛЬНИЦЬКА ОБЛАСТЬ,Юридична особа,306.4671999999998,0,0,1
2020-05-28,UA71000000000010357,ЧЕРКАСЬКА ОБЛАСТЬ,Юридична особа,952.1036000000003,0,0,1
2020-05-26,UA48000000000039575,МИКОЛАЇВСЬКА ОБЛАСТЬ,Юридична особа,135.1955,0,0,1
2020-05-18,UA51000000000030770,ОДЕСЬКА ОБЛАСТЬ,Юридична особа,1579.3187000000003,0,0,1
2020-05-15,UA65000000000030969,ХЕРСОНСЬКА ОБЛАСТЬ,Юридична особа,1325.2045999999993,0,0,1
2020-05-13,UA59000000000057109,СУМСЬКА ОБЛАСТЬ,Фізична особа,2.5953999999999997,0,0,1
2020-05-12,UA80000000000093317,М. КИЇВ,Фізична особа,5.257099999999999,0,0,1
2020-04-30,UA51000000000030770,ОДЕСЬКА ОБЛАСТЬ,Юридична особа,20.579899999999995,0,0,1
2020-04-29,UA48000000000039575,МИКОЛАЇВСЬКА ОБЛАСТЬ,Юридична особа,70.5059,0,0,1
2020-04-23,UA48000000000039575,МИКОЛАЇВСЬКА ОБЛАСТЬ,Фізична особа,12.3278,0,0,1
2020-04-22,UA71000000000010357,ЧЕРКАСЬКА ОБЛАСТЬ,Юридична особа,225.39849999999993,0,0,1
2020-04-22,UA80000000000093317,М. КИЇВ,ФОП,0.154,0,0,1
2020-04-21,UA48000000000039575,МИКОЛАЇВСЬКА ОБЛАСТЬ,Юридична особа,481.54670000000004,0,0,3
2020-04-18,UA48000000000039575,МИКОЛАЇВСЬКА ОБЛАСТЬ,Юридична особа,63.370000000000005,0,0,1
2020-04-15,UA48000000000039575,МИКОЛАЇВСЬКА ОБЛАСТЬ,Юридична особа,89.4556,0,0,1
2020-04-15,UA59000000000057109,СУМСЬКА ОБЛАСТЬ,Юридична особа,429.1884,0,0,1
2020-04-13,UA51000000000030770,ОДЕСЬКА ОБЛАСТЬ,Юридична особа,783.6817000000003,0,0,1
2020-04-10,UA48000000000039575,МИКОЛАЇВСЬКА ОБЛАСТЬ,Юридична особа,324.33740000000006,0,0,1
2020-04-08,UA07000000000024379,ВОЛИНСЬКА ОБЛАСТЬ,Юридична особа,14.5768,0,0,1
2020-04-07,UA53000000000028050,ПОЛТАВСЬКА ОБЛАСТЬ,Юридична особа,69.1547,0,0,1
2020-04-06,UA63000000000041885,ХАРКІВСЬКА ОБЛАСТЬ,Юридична особа,3129.239299999999,0,0,1
2020-04-01,UA23000000000064947,ЗАПОРІЗЬКА ОБЛАСТЬ,Юридична особа,486.2477,0,0,1
2020-03-31,UA05000000000010236,ВІННИЦЬКА ОБЛАСТЬ,Юридична особа,1230.3347000000006,0,0,1
2020-03-31,UA46000000000026241,ЛЬВІВСЬКА ОБЛАСТЬ,Юридична особа,0.0,0,0,1
2020-03-27,UA48000000000039575,МИКОЛАЇВСЬКА ОБЛАСТЬ,Фізична особа,0.0,0,0,1
2020-03-27,UA48000000000039575,МИКОЛАЇВСЬКА ОБЛАСТЬ,Юридична особа,45.6238,0,0,1
2020-03-26,UA07000000000024379,ВОЛИНСЬКА ОБЛАСТЬ,Юридична особа,430.1987000000001,0,0,1
2020-03-24,UA48000000000039575,МИКОЛАЇВСЬКА ОБЛАСТЬ,Юридична особа,4381.774599999998,0,0,2
2020-03-23,UA07000000000024379,ВОЛИНСЬКА ОБЛАСТЬ,Юридична особа,677.376,0,0,2
2020-03-23,UA61000000000060328,ТЕРНОПІЛЬСЬКА ОБЛАСТЬ,Юридична особа,4710.862300000003,0,0,1
2020-03-22,UA56000000000066151,РІВНЕНСЬКА ОБЛАСТЬ,Юридична особа,2210.418400000001,0,0,2
2020-03-20,UA46000000000026241,ЛЬВІВСЬКА ОБЛАСТЬ,Юридична особа,589.6520999999998,0,0,1
2020-03-20,UA48000000000039575,МИКОЛАЇВСЬКА ОБЛАСТЬ,Юридична особа,127.3245,0,0,2
2020-03-19,UA48000000000039575,МИКОЛАЇВСЬКА ОБЛАСТЬ,Фізична особа,2.0,0,0,1
2020-03-18,UA48000000000039575,МИКОЛАЇВСЬКА ОБЛАСТЬ,Юридична особа,945.2705000000003,0,0,1
2020-03-15,UA32000000000030281,КИЇВСЬКА ОБЛАСТЬ,Юридична особа,1363.750899999999,0,0,2
2020-03-15,UA46000000000026241,ЛЬВІВСЬКА ОБЛАСТЬ,Юридична особа,20.0,0,0,1
2020-03-13,UA07000000000024379,ВОЛИНСЬКА ОБЛАСТЬ,Юридична особа,964.1029999999996,0,145000,2
2020-03-13,UA51000000000030770,ОДЕСЬКА ОБЛАСТЬ,Юридична особа,64.9212,0,0,1
2020-03-13,UA71000000000010357,ЧЕРКАСЬКА ОБЛАСТЬ,Юридична особа,3.9684000000000004,0,0,1
2020-03-12,UA46000000000026241,ЛЬВІВСЬКА ОБЛАСТЬ,Юридична особа,372.1352999999999,0,0,3
2020-03-12,UA48000000000039575,МИКОЛАЇВСЬКА ОБЛАСТЬ,Юридична особа,1151.2906999999998,0,0,1
2020-03-12,UA63000000000041885,ХАРКІВСЬКА ОБЛАСТЬ,Юридична особа,485.5199,0,0,1
2020-03-12,UA71000000000010357,ЧЕРКАСЬКА ОБЛАСТЬ,Юридична особа,613.3281999999998,0,0,1
2020-03-11,UA07000000000024379,ВОЛИНСЬКА ОБЛАСТЬ,Юридична особа,5.18,0,0,1
2020-03-11,UA32000000000030281,КИЇВСЬКА ОБЛАСТЬ,Юридична особа,286.5621999999999,0,0,1
2020-03-11,UA46000000000026241,ЛЬВІВСЬКА ОБЛАСТЬ,ФОП,0.25,0,0,1
2020-03-11,UA46000000000026241,ЛЬВІВСЬКА ОБЛАСТЬ,Юридична особа,2.0,0,0,1
2020-03-11,UA48000000000039575,МИКОЛАЇВСЬКА ОБЛАСТЬ,Фізична особа,0.79,0,0,1
2020-03-11,UA48000000000039575,МИКОЛАЇВСЬКА ОБЛАСТЬ,ФОП,6.477600000000001,0,0,1
2020-03-11,UA48000000000039575,МИКОЛАЇВСЬКА ОБЛАСТЬ,Юридична особа,1525.896500000001,0,0,1
2020-03-11,UA71000000000010357,ЧЕРКАСЬКА ОБЛАСТЬ,Фізична особа,8.8915,0,0,3
2020-03-11,UA80000000000093317,М. КИЇВ,Юридична особа,2.6283000000000003,0,0,1
2020-03-10,UA07000000000024379,ВОЛИНСЬКА ОБЛАСТЬ,Юридична особа,126.20860000000002,0,0,1
2020-03-10,UA46000000000026241,ЛЬВІВСЬКА ОБЛАСТЬ,Юридична особа,204.55870000000004,256,0,2
2020-03-10,UA51000000000030770,ОДЕСЬКА ОБЛАСТЬ,Юридична особа,166.7529,0,0,1
2020-03-10,UA71000000000010357,ЧЕРКАСЬКА ОБЛАСТЬ,Юридична особа,93.89099999999999,0,0,1
2020-03-09,UA32000000000030281,КИЇВСЬКА ОБЛАСТЬ,Юридична особа,1318.0873390000015,0,0,1
2020-03-08,UA53000000000028050,ПОЛТАВСЬКА ОБЛАСТЬ,Юридична особа,307.1566000000002,0,0,1
2020-03-07,UA63000000000041885,ХАРКІВСЬКА ОБЛАСТЬ,Юридична особа,226.7117,0,0,1
2020-03-05,UA32000000000030281,КИЇВСЬКА ОБЛАСТЬ,Юридична особа,1185.6953,0,0,1
2020-03-03,UA07000000000024379,ВОЛИНСЬКА ОБЛАСТЬ,Юридична особа,15.2234,0,0,1
2020-03-03,UA46000000000026241,ЛЬВІВСЬКА ОБЛАСТЬ,Юридична особа,285.26300000000003,0,0,2
2020-03-03,UA48000000000039575,МИКОЛАЇВСЬКА ОБЛАСТЬ,Фізична особа,19.4208,0,0,1
2020-03-03,UA48000000000039575,МИКОЛАЇВСЬКА ОБЛАСТЬ,Юридична особа,1590.521200000001,0,0,1
2020-03-03,UA59000000000057109,СУМСЬКА ОБЛАСТЬ,Фізична особа,2.0,0,0,1
2020-03-02,UA32000000000030281,КИЇВСЬКА ОБЛАСТЬ,Юридична особа,916.1985999999999,0,0,1
2020-03-02,UA48000000000039575,МИКОЛАЇВСЬКА ОБЛАСТЬ,Юридична особа,744.2048000000001,0,0,1
2020-03-01,UA05000000000010236,ВІННИЦЬКА ОБЛАСТЬ,Юридична особа,346.4446,0,1199111.5,1
2020-02-28,UA32000000000030281,КИЇВСЬКА ОБЛАСТЬ,Юридична особа,345.9126,0,0,1
2020-02-27,UA07000000000024379,ВОЛИНСЬКА ОБЛАСТЬ,Юридична особа,31.9836,0,0,1
2020-02-27,UA48000000000039575,МИКОЛАЇВСЬКА ОБЛАСТЬ,Фізична особа,0.0,0,0,1
2020-02-27,UA51000000000030770,ОДЕСЬКА ОБЛАСТЬ,Юридична особа,3333.2871000000027,0,0,1
2020-02-27,UA61000000000060328,ТЕРНОПІЛЬСЬКА ОБЛАСТЬ,Юридична особа,222.22740000000005,0,0,1
2020-02-27,UA71000000000010357,ЧЕРКАСЬКА ОБЛАСТЬ,Фізична особа,1.8915,0,0,1
2020-02-27,UA71000000000010357,ЧЕРКАСЬКА ОБЛАСТЬ,Юридична особа,141.5521,0,0,2
2020-02-26,UA07000000000024379,ВОЛИНСЬКА ОБЛАСТЬ,Юридична особа,6.501799999999999,0,0,1
2020-02-26,UA32000000000030281,КИЇВСЬКА ОБЛАСТЬ,Юридична особа,4026.793799999997,0,0,2
2020-02-26,UA48000000000039575,МИКОЛАЇВСЬКА ОБЛАСТЬ,Фізична особа,2.0,0,0,1
2020-02-26,UA51000000000030770,ОДЕСЬКА ОБЛАСТЬ,Фізична особа,49.7381,0,0,1
2020-02-25,UA07000000000024379,ВОЛИНСЬКА ОБЛАСТЬ,Фізична особа,2.1100000000000003,0,0,1
2020-02-25,UA07000000000024379,ВОЛИНСЬКА ОБЛАСТЬ,Юридична особа,193.37580000000003,0,0,4
2020-02-25,UA32000000000030281,КИЇВСЬКА ОБЛАСТЬ,Юридична особа,11261.6991,0,0,1
2020-02-25,UA48000000000039575,МИКОЛАЇВСЬКА ОБЛАСТЬ,Юридична особа,759.6321000000002,0,0,1
2020-02-25,UA74000000000025378,ЧЕРНІГІВСЬКА ОБЛАСТЬ,Юридична особа,1472.9796999999992,0,0,1
2020-02-24,UA46000000000026241,ЛЬВІВСЬКА ОБЛАСТЬ,ФОП,65.7484,0,0,1
2020-02-24,UA71000000000010357,ЧЕРКАСЬКА ОБЛАСТЬ,Фізична особа,14.0339,0,0,1
2020-02-21,UA07000000000024379,ВОЛИНСЬКА ОБЛАСТЬ,Юридична особа,1890.1166083333335,1395,105936,3
2020-02-21,UA32000000000030281,КИЇВСЬКА ОБЛАСТЬ,Юридична особа,551.5847000000005,0,0,1
2020-02-21,UA46000000000026241,ЛЬВІВСЬКА ОБЛАСТЬ,ФОП,2.1,0,0,1
2020-02-21,UA46000000000026241,ЛЬВІВСЬКА ОБЛАСТЬ,Юридична особа,1989.0178000000014,97,11823828.43,9
2020-02-21,UA48000000000039575,МИКОЛАЇВСЬКА ОБЛАСТЬ,Юридична особа,1267.4270999999999,0,0,4
2020-02-21,UA51000000000030770,ОДЕСЬКА ОБЛАСТЬ,Юридична особа,950.5160999999998,0,0,5
2020-02-21,UA71000000000010357,ЧЕРКАСЬКА ОБЛАСТЬ,Юридична особа,158.81409999999994,0,0,1
2020-02-20,UA07000000000024379,ВОЛИНСЬКА ОБЛАСТЬ,Фізична особа,1.8028,0,0,1
2020-02-20,UA07000000000024379,ВОЛИНСЬКА ОБЛАСТЬ,Юридична особа,841.4738000000001,0,0,15
2020-02-20,UA46000000000026241,ЛЬВІВСЬКА ОБЛАСТЬ,Юридична особа,135.22060000000002,0,0,2
2020-02-20,UA48000000000039575,МИКОЛАЇВСЬКА ОБЛАСТЬ,Фізична особа,20.3426,0,0,4
2020-02-20,UA48000000000039575,МИКОЛАЇВСЬКА ОБЛАСТЬ,Юридична особа,10589.251500000002,0,0,14
2020-02-20,UA51000000000030770,ОДЕСЬКА ОБЛАСТЬ,Юридична особа,4680.636000000002,0,0,2
2020-02-20,UA71000000000010357,ЧЕРКАСЬКА ОБЛАСТЬ,Фізична особа,2.24,0,0,1
2020-02-20,UA71000000000010357,ЧЕРКАСЬКА ОБЛАСТЬ,Юридична особа,93.78250000000001,0,0,1
2020-02-19,UA07000000000024379,ВОЛИНСЬКА ОБЛАСТЬ,Юридична особа,445.2717000000001,0,0,7
2020-02-19,UA32000000000030281,КИЇВСЬКА ОБЛАСТЬ,Юридична особа,918.4193999999992,0,0,1
2020-02-19,UA46000000000026241,ЛЬВІВСЬКА ОБЛАСТЬ,Юридична особа,9879.944499999998,0,0,9
2020-02-19,UA48000000000039575,МИКОЛАЇВСЬКА ОБЛАСТЬ,Юридична особа,324.58309999999994,0,0,1
2020-02-19,UA71000000000010357,ЧЕРКАСЬКА ОБЛАСТЬ,Юридична особа,36.81399999999999,0,0,1
2020-02-18,UA07000000000024379,ВОЛИНСЬКА ОБЛАСТЬ,Юридична особа,657.2127999999996,0,0,4
2020-02-18,UA32000000000030281,КИЇВСЬКА ОБЛАСТЬ,Юридична особа,1954.6366999999998,0,0,2
2020-02-18,UA46000000000026241,ЛЬВІВСЬКА ОБЛАСТЬ,Юридична особа,1883.2906999999936,3898,0,3
2020-02-18,UA48000000000039575,МИКОЛАЇВСЬКА ОБЛАСТЬ,Фізична особа,23.7848,3,0,5
2020-02-18,UA48000000000039575,МИКОЛАЇВСЬКА ОБЛАСТЬ,Юридична особа,516.9801,0,0,4
2020-02-18,UA51000000000030770,ОДЕСЬКА ОБЛАСТЬ,Юридична особа,50.0753,0,0,1
2020-02-17,UA07000000000024379,ВОЛИНСЬКА ОБЛАСТЬ,Юридична особа,247.28189999999995,0,0,3
2020-02-17,UA32000000000030281,КИЇВСЬКА ОБЛАСТЬ,Юридична особа,174.336,0,0,2
2020-02-17,UA44000000000018893,ЛУГАНСЬКА ОБЛАСТЬ,Фізична особа,10.2353,5,148269.69,1
2020-02-17,UA46000000000026241,ЛЬВІВСЬКА ОБЛАСТЬ,Юридична особа,1204.4623000000004,0,0,6
2020-02-17,UA48000000000039575,МИКОЛАЇВСЬКА ОБЛАСТЬ,Фізична особа,58.1136,4,18234,14
2020-02-17,UA48000000000039575,МИКОЛАЇВСЬКА ОБЛАСТЬ,Юридична особа,2609.7511000000004,0,0,3
2020-02-17,UA51000000000030770,ОДЕСЬКА ОБЛАСТЬ,Юридична особа,1139.838800000001,0,0,2
2020-02-17,UA71000000000010357,ЧЕРКАСЬКА ОБЛАСТЬ,Фізична особа,0.1331,0,0,1
2020-02-17,UA71000000000010357,ЧЕРКАСЬКА ОБЛАСТЬ,Юридична особа,184.44279999999998,0,0,1
2020-02-16,UA46000000000026241,ЛЬВІВСЬКА ОБЛАСТЬ,Фізична особа,17.5,0,0,1
2020-02-16,UA59000000000057109,СУМСЬКА ОБЛАСТЬ,Юридична особа,2.7283,0,0,1
2020-02-15,UA44000000000018893,ЛУГАНСЬКА ОБЛАСТЬ,ФОП,26.9111,0,0,1
2020-02-15,UA48000000000039575,МИКОЛАЇВСЬКА ОБЛАСТЬ,Юридична особа,194.72390000000001,0,0,1
2020-02-14,UA07000000000024379,ВОЛИНСЬКА ОБЛАСТЬ,Юридична особа,145.36309999999997,0,190927,5
2020-02-14,UA32000000000030281,КИЇВСЬКА ОБЛАСТЬ,Фізична особа,0.0,0,0,1
2020-02-14,UA32000000000030281,КИЇВСЬКА ОБЛАСТЬ,Юридична особа,1445.2276999999988,0,0,1
2020-02-14,UA46000000000026241,ЛЬВІВСЬКА ОБЛАСТЬ,Фізична особа,9.1912,0,0,2
2020-02-14,UA46000000000026241,ЛЬВІВСЬКА ОБЛАСТЬ,ФОП,13.917399999999999,0,0,1
2020-02-14,UA46000000000026241,ЛЬВІВСЬКА ОБЛАСТЬ,Юридична особа,854.8007425099997,0,0,9
2020-02-14,UA51000000000030770,ОДЕСЬКА ОБЛАСТЬ,Юридична особа,7366.896499999999,0,0,12
2020-02-14,UA53000000000028050,ПОЛТАВСЬКА ОБЛАСТЬ,Юридична особа,210.3014,0,0,1
2020-02-14,UA59000000000057109,СУМСЬКА ОБЛАСТЬ,Юридична особа,299.2671000000001,0,0,1
2020-02-14,UA71000000000010357,ЧЕРКАСЬКА ОБЛАСТЬ,Фізична особа,4.8718,0,0,1
2020-02-13,UA07000000000024379,ВОЛИНСЬКА ОБЛАСТЬ,Юридична особа,325.7832000000001,0,1171383,4
2020-02-13,UA18000000000041385,ЖИТОМИРСЬКА ОБЛАСТЬ,Фізична особа,2.1177,0,0,1
2020-02-13,UA23000000000064947,ЗАПОРІЗЬКА ОБЛАСТЬ,Фізична особа,5.6112,0,0,1
2020-02-13,UA32000000000030281,КИЇВСЬКА ОБЛАСТЬ,Фізична особа,10.6831,0,0,3
2020-02-13,UA32000000000030281,КИЇВСЬКА ОБЛАСТЬ,Юридична особа,0.0,0,0,1
2020-02-13,UA35000000000016081,КІРОВОГРАДСЬКА ОБЛАСТЬ,ФОП,0.6295999999999999,0,0,1
2020-02-13,UA35000000000016081,КІРОВОГРАДСЬКА ОБЛАСТЬ,Юридична особа,31.055,0,0,1
2020-02-13,UA46000000000026241,ЛЬВІВСЬКА ОБЛАСТЬ,Юридична особа,948.4086000000003,0,0,7
2020-02-13,UA48000000000039575,МИКОЛАЇВСЬКА ОБЛАСТЬ,Фізична особа,81.0393,0,0,2
2020-02-13,UA48000000000039575,МИКОЛАЇВСЬКА ОБЛАСТЬ,Юридична особа,5587.613300000002,0,0,7
2020-02-13,UA51000000000030770,ОДЕСЬКА ОБЛАСТЬ,Юридична особа,6190.500600000012,0,9,4
2020-02-13,UA53000000000028050,ПОЛТАВСЬКА ОБЛАСТЬ,Фізична особа,0.47209999999999996,0,0,1
2020-02-13,UA56000000000066151,РІВНЕНСЬКА ОБЛАСТЬ,Фізична особа,12.860499999999998,0,0,1
2020-02-13,UA59000000000057109,СУМСЬКА ОБЛАСТЬ,Юридична особа,78.6701,0,0,1
2020-02-13,UA68000000000099709,ХМЕЛЬНИЦЬКА ОБЛАСТЬ,ФОП,241.6579,0,0,1
2020-02-13,UA68000000000099709,ХМЕЛЬНИЦЬКА ОБЛАСТЬ,Юридична особа,36.2329,0,0,1
2020-02-13,UA71000000000010357,ЧЕРКАСЬКА ОБЛАСТЬ,Юридична особа,1680.9877000000001,0,0,5
2020-02-12,UA07000000000024379,ВОЛИНСЬКА ОБЛАСТЬ,Юридична особа,774.9028,0,0,9
2020-02-12,UA14000000000091971,ДОНЕЦЬКА ОБЛАСТЬ,Юридична особа,860.1437999999984,0,0,1
2020-02-12,UA32000000000030281,КИЇВСЬКА ОБЛАСТЬ,Фізична особа,0.0,0,0,1
2020-02-12,UA32000000000030281,КИЇВСЬКА ОБЛАСТЬ,Юридична особа,1541.287300000001,0,0,1
2020-02-12,UA46000000000026241,ЛЬВІВСЬКА ОБЛАСТЬ,Юридична особа,1037.289500000001,0,0,7
2020-02-12,UA48000000000039575,МИКОЛАЇВСЬКА ОБЛАСТЬ,Фізична особа,2.0,0,0,2
2020-02-12,UA48000000000039575,МИКОЛАЇВСЬКА ОБЛАСТЬ,ФОП,20.0,0,0,1
2020-02-12,UA48000000000039575,МИКОЛАЇВСЬКА ОБЛАСТЬ,Юридична особа,1289.0322,0,0,7
2020-02-12,UA51000000000030770,ОДЕСЬКА ОБЛАСТЬ,Фізична особа,5.7966,1,0,3
2020-02-12,UA51000000000030770,ОДЕСЬКА ОБЛАСТЬ,Юридична особа,3349.470599999998,0,0,8
2020-02-12,UA71000000000010357,ЧЕРКАСЬКА ОБЛАСТЬ,Фізична особа,2.0,0,0,1
2020-02-12,UA80000000000093317,М. КИЇВ,Юридична особа,2362.044999999997,0,0,1
2020-02-11,UA07000000000024379,ВОЛИНСЬКА ОБЛАСТЬ,Юридична особа,359.5383000000003,0,0,4
2020-02-11,UA32000000000030281,КИЇВСЬКА ОБЛАСТЬ,Юридична особа,2720.9469999999947,0,0,2
2020-02-11,UA46000000000026241,ЛЬВІВСЬКА ОБЛАСТЬ,Юридична особа,1310.8201000000006,0,0,3
2020-02-11,UA48000000000039575,МИКОЛАЇВСЬКА ОБЛАСТЬ,Фізична особа,317.4489,0,0,4
2020-02-11,UA48000000000039575,МИКОЛАЇВСЬКА ОБЛАСТЬ,ФОП,150.81409999999997,0,0,2
2020-02-11,UA48000000000039575,МИКОЛАЇВСЬКА ОБЛАСТЬ,Юридична особа,4622.065,0,0,10
2020-02-11,UA51000000000030770,ОДЕСЬКА ОБЛАСТЬ,Юридична особа,1815.5049999999987,0,0,3
2020-02-10,UA07000000000024379,ВОЛИНСЬКА ОБЛАСТЬ,ФОП,129.80669999999998,0,0,1
2020-02-10,UA07000000000024379,ВОЛИНСЬКА ОБЛАСТЬ,Юридична особа,184.4371,0,0,3
2020-02-10,UA14000000000091971,ДОНЕЦЬКА ОБЛАСТЬ,Юридична особа,47.8238,0,0,1
2020-02-10,UA23000000000064947,ЗАПОРІЗЬКА ОБЛАСТЬ,Юридична особа,1311.4777000000004,0,0,1
2020-02-10,UA32000000000030281,КИЇВСЬКА ОБЛАСТЬ,Фізична особа,29.9966,0,0,2
2020-02-10,UA32000000000030281,КИЇВСЬКА ОБЛАСТЬ,Юридична особа,1749.5382999999995,0,0,2
2020-02-10,UA46000000000026241,ЛЬВІВСЬКА ОБЛАСТЬ,Юридична особа,381.6151000000001,0,0,1
2020-02-10,UA48000000000039575,МИКОЛАЇВСЬКА ОБЛАСТЬ,Фізична особа,66.3392,0,0,5
2020-02-10,UA51000000000030770,ОДЕСЬКА ОБЛАСТЬ,Юридична особа,3531.5799,0,0,8
2020-02-09,UA51000000000030770,ОДЕСЬКА ОБЛАСТЬ,Юридична особа,64.6678,0,0,3
2020-02-08,UA32000000000030281,КИЇВСЬКА ОБЛАСТЬ,Фізична особа,2.2286,0,0,1
2020-02-07,UA07000000000024379,ВОЛИНСЬКА ОБЛАСТЬ,Юридична особа,17.4592,0,0,1
2020-02-07,UA12000000000090473,ДНІПРОПЕТРОВСЬКА ОБЛАСТЬ,Юридична особа,124.69019999999996,0,0,1
2020-02-07,UA32000000000030281,КИЇВСЬКА ОБЛАСТЬ,Фізична особа,8.3404,0,0,1
2020-02-07,UA46000000000026241,ЛЬВІВСЬКА ОБЛАСТЬ,Юридична особа,6.0,0,0,1
2020-02-07,UA48000000000039575,МИКОЛАЇВСЬКА ОБЛАСТЬ,Фізична особа,56.073100000000004,0,0,12
2020-02-07,UA48000000000039575,МИКОЛАЇВСЬКА ОБЛАСТЬ,ФОП,112.9269,0,0,1
2020-02-07,UA48000000000039575,МИКОЛАЇВСЬКА ОБЛАСТЬ,Юридична особа,178.15739999999994,0,0,1
2020-02-07,UA51000000000030770,ОДЕСЬКА ОБЛАСТЬ,Юридична особа,261.1166,0,0,3
2020-02-07,UA71000000000010357,ЧЕРКАСЬКА ОБЛАСТЬ,ФОП,0.1001,0,0,1
2020-02-06,UA07000000000024379,ВОЛИНСЬКА ОБЛАСТЬ,Юридична особа,430.3333000000001,0,0,3
2020-02-06,UA12000000000090473,ДНІПРОПЕТРОВСЬКА ОБЛАСТЬ,Юридична особа,325.56230000000005,0,0,1
2020-02-06,UA46000000000026241,ЛЬВІВСЬКА ОБЛАСТЬ,Юридична особа,186.435,0,0,2
2020-02-06,UA48000000000039575,МИКОЛАЇВСЬКА ОБЛАСТЬ,Фізична особа,61.562,7,0,10
2020-02-06,UA71000000000010357,ЧЕРКАСЬКА ОБЛАСТЬ,Юридична особа,844.7288000000003,0,0,1
2020-02-05,UA07000000000024379,ВОЛИНСЬКА ОБЛАСТЬ,Юридична особа,13.4779,0,0,1
2020-02-05,UA23000000000064947,ЗАПОРІЗЬКА ОБЛАСТЬ,Юридична особа,15.3339,0,0,1
2020-02-05,UA32000000000030281,КИЇВСЬКА ОБЛАСТЬ,Юридична особа,34.9416,0,0,1
2020-02-05,UA48000000000039575,МИКОЛАЇВСЬКА ОБЛАСТЬ,Фізична особа,12.656,0,0,2
2020-02-05,UA48000000000039575,МИКОЛАЇВСЬКА ОБЛАСТЬ,ФОП,475.7496000000001,0,6,2
2020-02-05,UA48000000000039575,МИКОЛАЇВСЬКА ОБЛАСТЬ,Юридична особа,1250.7865000000002,0,0,4
2020-02-05,UA51000000000030770,ОДЕСЬКА ОБЛАСТЬ,Юридична особа,1118.2888500000004,0,5389323.5,6
2020-02-05,UA71000000000010357,ЧЕРКАСЬКА ОБЛАСТЬ,Юридична особа,236.19539999999998,0,0,2
2020-02-04,UA48000000000039575,МИКОЛАЇВСЬКА ОБЛАСТЬ,Юридична особа,233.7491,0,0,1
2017-01-01,UA05000000000010236,ВІННИЦЬКА ОБЛАСТЬ,Юридична особа,3239.7741999999994,0,0,1
2017-01-01,UA07000000000024379,ВОЛИНСЬКА ОБЛАСТЬ,Фізична особа,6.201300000000001,0,0,1
2017-01-01,UA07000000000024379,ВОЛИНСЬКА ОБЛАСТЬ,Юридична особа,4410.483108333332,1395,0,15
2017-01-01,UA12000000000090473,ДНІПРОПЕТРОВСЬКА ОБЛАСТЬ,Фізична особа,0.0,0,0,1
2017-01-01,UA12000000000090473,ДНІПРОПЕТРОВСЬКА ОБЛАСТЬ,ФОП,16.7343,0,0,1
2017-01-01,UA12000000000090473,ДНІПРОПЕТРОВСЬКА ОБЛАСТЬ,Юридична особа,3386.741400000002,0,0,3
2017-01-01,UA14000000000091971,ДОНЕЦЬКА ОБЛАСТЬ,Юридична особа,5346.951399999991,0,0,4
2017-01-01,UA18000000000041385,ЖИТОМИРСЬКА ОБЛАСТЬ,Фізична особа,2.0,0,0,1
2017-01-01,UA23000000000064947,ЗАПОРІЗЬКА ОБЛАСТЬ,Фізична особа,2.0,0,0,1
2017-01-01,UA23000000000064947,ЗАПОРІЗЬКА ОБЛАСТЬ,Юридична особа,6409.070000000003,0,0,6
2017-01-01,UA26000000000069363,ІВАНО-ФРАНКІВСЬКА ОБЛАСТЬ,ФОП,0.0,0,0,1
2017-01-01,UA26000000000069363,ІВАНО-ФРАНКІВСЬКА ОБЛАСТЬ,Юридична особа,0.0,0,0,1
2017-01-01,UA32000000000030281,КИЇВСЬКА ОБЛАСТЬ,Юридична особа,6983.159499999999,0,0,15
2017-01-01,UA35000000000016081,КІРОВОГРАДСЬКА ОБЛАСТЬ,ФОП,0.0,0,0,1
2017-01-01,UA35000000000016081,КІРОВОГРАДСЬКА ОБЛАСТЬ,Юридична особа,6370.450799999999,0,0,2
2017-01-01,UA44000000000018893,ЛУГАНСЬКА ОБЛАСТЬ,ФОП,69.11720000000001,0,0,1
2017-01-01,UA46000000000026241,ЛЬВІВСЬКА ОБЛАСТЬ,ФОП,226.5236999999999,0,0,2
2017-01-01,UA46000000000026241,ЛЬВІВСЬКА ОБЛАСТЬ,Юридична особа,4205.063669999998,0,0,22
2017-01-01,UA48000000000039575,МИКОЛАЇВСЬКА ОБЛАСТЬ,Фізична особа,67.9675,0,0,8
2017-01-01,UA48000000000039575,МИКОЛАЇВСЬКА ОБЛАСТЬ,Юридична особа,16912.144500000002,0,0,22
2017-01-01,UA51000000000030770,ОДЕСЬКА ОБЛАСТЬ,Фізична особа,48.343,0,0,2
2017-01-01,UA51000000000030770,ОДЕСЬКА ОБЛАСТЬ,ФОП,129.0823,0,0,1
2017-01-01,UA51000000000030770,ОДЕСЬКА ОБЛАСТЬ,Юридична особа,14109.84119999999,0,0,13
2017-01-01,UA53000000000028050,ПОЛТАВСЬКА ОБЛАСТЬ,Фізична особа,2.7,0,0,1
2017-01-01,UA53000000000028050,ПОЛТАВСЬКА ОБЛАСТЬ,ФОП,4294.8971999999985,0,0,2
2017-01-01,UA53000000000028050,ПОЛТАВСЬКА ОБЛАСТЬ,Юридична особа,4373.002099999997,0,0,5
2017-01-01,UA56000000000066151,РІВНЕНСЬКА ОБЛАСТЬ,Юридична особа,7209.0896000000075,0,0,6
2017-01-01,UA59000000000057109,СУМСЬКА ОБЛАСТЬ,Фізична особа,2.0,0,0,1
2017-01-01,UA59000000000057109,СУМСЬКА ОБЛАСТЬ,Юридична особа,1357.9698000000003,0,0,3
2017-01-01,UA63000000000041885,ХАРКІВСЬКА ОБЛАСТЬ,Юридична особа,7987.612599999996,0,0,6
2017-01-01,UA65000000000030969,ХЕРСОНСЬКА ОБЛАСТЬ,Юридична особа,1178.3355000000006,0,0,1
2017-01-01,UA68000000000099709,ХМЕЛЬНИЦЬКА ОБЛАСТЬ,Юридична особа,5888.9744999999975,0,0,5
2017-01-01,UA71000000000010357,ЧЕРКАСЬКА ОБЛАСТЬ,Фізична особа,0.0,0,0,2
2017-01-01,UA71000000000010357,ЧЕРКАСЬКА ОБЛАСТЬ,ФОП,23.752599999999997,0,0,1
2017-01-01,UA71000000000010357,ЧЕРКАСЬКА ОБЛАСТЬ,Юридична особа,2287.0657000000033,0,0,10
2017-01-01,UA74000000000025378,ЧЕРНІГІВСЬКА ОБЛАСТЬ,Юридична особа,1620.9959000000015,0,0,1
2017-01-01,UA80000000000093317,М. КИЇВ,Фізична особа,0.0,0,0,1
2017-01-01,UA80000000000093317,М. КИЇВ,ФОП,0.0,0,0,1
2017-01-01,UA80000000000093317,М. КИЇВ,Юридична особа,1326.226899999999,0,0,2
2017-01-01,,Не визначений,Фізична особа,550.4547999999999,0,0,146
2017-01-01,,Не визначений,ФОП,74.74699999999999,0,0,2096
2017-01-01,,Не визначений,Юридична особа,91858.17789711,0,0,112
